Workbook

Sheet Raw_Data
A1: customer_id | B1: age | C1: gender | D1: country | E1: avg_order_value | F1: total_orders | G1: last_purchase | H1: is_fraudulent | I1: preferred_category | J1: email_open_rate | K1: customer_since | L1: loyalty_score | M1: churn_risk
A2: CUST_8270 | B2: 30 | C2: Female | D2: Brazil | E2: 101.08 | F2: 8 | G2: 176 | H2: 1 | I2: Beauty | J2: 25.6 | K2: 45448 | L2: 50 | M2: 0.2
A3: CUST_1860 | B3: 53 | C3: Female | D3: USA | E3: 90.39 | F3: 10 | G3: 88 | H3: 0 | I3: Electronics | J3: 12.3 | K3: 45341 | L3: 37 | M3: 0.34
A4: CUST_6390 | B4: 73 | C4: Male | D4: Australia | E4: 83.28 | F4: 6 | G4: 203 | H4: 0 | I4: Sports | K4: 45398 | L4: 65 | M4: 0.05
A5: CUST_6191 | B5: 30 | C5: Other | D5: Japan | E5: 109.9 | F5: 9 | G5: 346 | H5: 1 | I5: Electronics | J5: 42.9 | K5: 44020 | L5: 93 | M5: 0.19
A6: CUST_6734 | B6: 29 | C6: Female | D6: Canada | E6: 269.38 | F6: 16 | G6: 342 | H6: 0 | I6: Fashion | J6: 5.3 | K6: 45756 | L6: 79 | M6: 0.15
A7: CUST_7265 | B7: 54 | C7: Male | D7: Canada | E7: 114.31 | F7: 11 | G7: 210 | H7: 0 | I7: Beauty | J7: 56.5 | K7: 44471 | L7: 44 | M7: 0.21
A8: CUST_1466 | B8: 27 | C8: Female | D8: Canada | E8: 34.03 | F8: 7 | G8: 212 | H8: 0 | I8: Electronics | J8: 0.2 | K8: 44549 | L8: 60 | M8: 0.39
A9: CUST_5426 | B9: 77 | C9: Female | D9: Brazil | E9: 171.25 | F9: 9 | G9: 20 | H9: 0 | I9: Electronics | J9: 15.1 | K9: 44236 | L9: 29 | M9: 0.24
A10: CUST_6578 | B10: 73 | C10: Female | D10: Australia | E10: 116.79 | F10: 10 | G10: 87 | H10: 0 | I10: Sports | J10: 14.7 | K10: 44076 | L10: 85 | M10: 0.37
A11: CUST_9322 | B11: 26 | C11: Male | D11: France | E11: 55.93 | F11: 4 | G11: 12 | H11: 0 | I11: Fashion | J11: 68.8 | K11: 45347 | L11: 63 | M11: 0.52
A12: CUST_2685 | B12: 69 | C12: Female | D12: India | E12: 128.78 | F12: 7 | G12: 119 | H12: 0 | I12: Fashion | J12: 48.6 | K12: 45571 | L12: 76 | M12: 0.11
A13: CUST_1769 | B13: 24 | C13: Female | D13: Canada | E13: 88.23 | F13: 14 | G13: 177 | H13: 0 | I13: Beauty | J13: 83.6 | K13: 45417 | L13: 26 | M13: 0.12
A14: CUST_7949 | B14: 19 | C14: Male | D14: India | E14: 77.24 | F14: 12 | G14: 128 | H14: 0 | I14: Home | J14: 26.5 | K14: 44375 | L14: 45 | M14: 0.63
A15: CUST_3433 | B15: 71 | C15: Female | D15: Brazil | E15: 91.39 | F15: 8 | G15: 50 | H15: 0 | I15: Home | J15: 21.1 | K15: 44757 | L15: 95 | M15: 0.34
A16: CUST_6311 | B16: 73 | C16: Female | D16: India | E16: 131.23 | F16: 7 | G16: 41 | H16: 0 | I16: Sports | J16: 80.3 | K16: 45433 | L16: 35 | M16: 0.61
... A31: CUST_5658 | B31: 42 | C31: Male | D31: Brazil | E31: 61.94 | F31: 8 | G31: 17 | H31: 0 | I31: Beauty | J31: 99 | K31: 44457 | L31: 49 | M31: 0.41
A32: CUST_2899 | B32: 48 | C32: Female | D32: Canada | F32: 8 | G32: 200 | H32: 0 | I32: Home | J32: 43.3 | K32: 44924 | L32: 3 | M32: 0.27
A33: CUST_8734 | B33: 67 | C33: Male | D33: Australia | E33: 109.18 | F33: 11 | G33: 252 | H33: 0 | I33: Sports | J33: 58.6 | K33: 44429 | L33: 17 | M33: 0.31
A34: CUST_2267 | B34: 37 | C34: Male | D34: Australia | E34: 75.98 | F34: 6 | G34: 191 | H34: 0 | I34: Beauty | J34: 59.4 | K34: 44202 | L34: 25 | M34: 0.22
A35: CUST_2528 | B35: 61 | C35: Female | D35: France | E35: 46.66 | F35: 7 | G35: 48 | H35: 0 | I35: Home | J35: 34.6 | K35: 45282 | L35: 94 | M35: 0.34
A36: CUST_4556 | B36: 72 | C36: Female | D36: China | E36: 106.23 | F36: 13 | G36: 93 | H36: 0 | I36: Sports | J36: 54.5 | K36: 45209 | L36: 14 | M36: 0.25
A37: CUST_4890 | B37: 34 | C37: Male | D37: Germany | E37: 112.56 | F37: 13 | G37: 236 | H37: 0 | I37: Beauty | J37: 58.3 | K37: 44471 | L37: 93 | M37: 0.28
A38: CUST_9838 | B38: 62 | C38: Other | D38: China | E38: 175.73 | F38: 14 | G38: 221 | H38: 0 | I38: Fashion | J38: 76.1 | K38: 44501 | L38: 5 | M38: 0.33
A39: CUST_6393 | B39: 19 | C39: Female | D39: Canada | E39: 22.72 | F39: 12 | G39: 166 | H39: 0 | I39: Sports | J39: 66.2 | K39: 45462 | L39: 71 | M39: 0.05
A40: CUST_9792 | B40: 42 | C40: Male | D40: Canada | E40: 103.97 | F40: 13 | G40: 253 | H40: 0 | I40: Beauty | J40: 44.7 | K40: 45611 | L40: 83 | M40: 0.09
A41: CUST_9433 | B41: 30 | C41: Female | D41: USA | E41: 43.35 | F41: 13 | G41: 56 | H41: 0 | I41: Electronics | J41: 19.1 | K41: 45682 | L41: 33 | M41: 0.08
A42: CUST_8513 | B42: 75 | C42: Female | D42: Australia | E42: 48.94 | F42: 11 | G42: 5 | H42: 0 | I42: Fashion | J42: 2.5 | K42: 44609 | L42: 85 | M42: 0.14
A43: CUST_3612 | B43: 56 | C43: Female | D43: UK | E43: 53.17 | F43: 5 | G43: 237 | H43: 0 | I43: Sports | J43: 65.2 | K43: 45023 | L43: 51 | M43: 0.09
A44: CUST_8041 | B44: 45 | C44: Female | D44: Japan | E44: 26.94 | F44: 10 | G44: 220 | H44: 0 | I44: Home | J44: 47.8 | K44: 45673 | L44: 85 | M44: 0.38
... A54: CUST_4073 | B54: 37 | C54: Male | D54: Canada | E54: 99.86 | F54: 13 | G54: 209 | H54: 0 | I54: Fashion | J54: 96.7 | K54: 45832 | L54: 34 | M54: 0.24
A55: CUST_2021 | B55: 22 | C55: Female | D55: USA | F55: 9 | G55: 255 | H55: 0 | I55: Home | J55: 36.5 | K55: 44545 | L55: 65 | M55: 0.13
A56: CUST_4843 | B56: 36 | C56: Male | D56: Canada | E56: 50.6 | F56: 11 | G56: 311 | H56: 0 | I56: Beauty | J56: 79.2 | K56: 44830 | L56: 32 | M56: 0.36
A57: CUST_8989 | B57: 39 | C57: Other | D57: UK | E57: 64.39 | F57: 10 | G57: 39 | H57: 0 | I57: Beauty | J57: 24.2 | K57: 44751 | L57: 22 | M57: 0.4
A58: CUST_7873 | B58: 76 | C58: Male | D58: France | E58: 188.66 | F58: 19 | G58: 352 | H58: 0 | I58: Home | J58: 5.8 | K58: 45411 | L58: 62 | M58: 0.33
A59: CUST_6675 | B59: 77 | C59: Male | D59: Canada | E59: 142.52 | F59: 10 | G59: 201 | H59: 0 | I59: Home | J59: 4 | K59: 44389 | L59: 93 | M59: 0.31
A60: CUST_1161 | B60: 36 | C60: Male | D60: Japan | F60: 12 | G60: 85 | H60: 0 | I60: Beauty | J60: 2.9 | K60: 44979 | L60: 45 | M60: 0.35
A61: CUST_5297 | B61: 79 | C61: Male | D61: Canada | E61: 78.1 | F61: 16 | G61: 42 | H61: 0 | I61: Sports | J61: 73.6 | K61: 45545 | L61: 11 | M61: 0.17
A62: CUST_1995 | B62: 64 | C62: Female | D62: France | E62: 29.96 | F62: 10 | G62: 235 | H62: 0 | I62: Electronics | J62: 34.2 | K62: 45082 | L62: 33 | M62: 0.38
A63: CUST_8629 | B63: 79 | C63: Female | D63: China | E63: 25.66 | F63: 12 | G63: 69 | H63: 0 | I63: Beauty | J63: 82.4 | K63: 44301 | L63: 38 | M63: 0.33
A64: CUST_2016 | B64: 33 | C64: Male | D64: Brazil | E64: 37.74 | F64: 9 | G64: 355 | H64: 0 | I64: Electronics | J64: 87.4 | K64: 45107 | L64: 65 | M64: 0.17
A65: CUST_8869 | B65: 41 | C65: Male | D65: USA | E65: 38.89 | F65: 8 | G65: 130 | H65: 1 | I65: Home | J65: 30.6 | K65: 44137 | L65: 63 | M65: 0.3
A66: CUST_7439 | B66: 58 | C66: Female | D66: Brazil | E66: 224.56 | F66: 4 | G66: 131 | H66: 0 | I66: Fashion | J66: 28.9 | K66: 44739 | L66: 38 | M66: 0.07
A67: CUST_8892 | B67: 21 | C67: Male | D67: USA | E67: 177.53 | F67: 4 | G67: 247 | H67: 0 | I67: Home | J67: 30.8 | K67: 45064 | L67: 73 | M67: 0.26
A68: CUST_7863 | B68: 32 | C68: Female | D68: UK | E68: 22.84 | F68: 11 | G68: 154 | H68: 0 | I68: Home | J68: 47.5 | K68: 44711 | L68: 13 | M68: 0.59
A69: CUST_8916 | B69: 42 | C69: Female | D69: Australia | E69: 36.64 | F69: 13 | G69: 229 | H69: 0 | I69: Home | J69: 1.6 | K69: 45112 | L69: 48 | M69: 0.35
A70: CUST_9529 | B70: 61 | C70: Female | D70: Japan | E70: 99.99 | F70: 8 | G70: 88 | H70: 0 | I70: Beauty | J70: 1.1 | K70: 45196 | L70: 24 | M70: 0.19
A71: CUST_1878 | B71: 72 | C71: Other | D71: Japan | E71: 101.05 | F71: 9 | G71: 228 | H71: 0 | I71: Beauty | J71: 73.5 | K71: 45197 | L71: 36 | M71: 0.22
A72: CUST_5887 | B72: 52 | C72: Other | D72: China | E72: 84.6 | F72: 17 | G72: 26 | H72: 0 | I72: Fashion | J72: 80.8 | K72: 45206 | L72: 20 | M72: 0.25
... A87: CUST_6618 | B87: 57 | C87: Male | D87: Canada | E87: 237.22 | F87: 11 | G87: 4 | H87: 0 | I87: Beauty | J87: 72.3 | K87: 44355 | L87: 15 | M87: 0.21
A88: CUST_7736 | B88: 68 | C88: Female | D88: China | E88: 76.59 | F88: 13 | G88: 325 | H88: 0 | I88: Beauty | K88: 44552 | L88: 19 | M88: 0.15
A89: CUST_1391 | B89: 25 | C89: Female | D89: Germany | E89: 120.73 | F89: 4 | G89: 185 | H89: 0 | I89: Sports | J89: 8.2 | K89: 45398 | L89: 73 | M89: 0.08
A90: CUST_6892 | B90: 35 | C90: Female | D90: Germany | E90: 219.17 | F90: 8 | G90: 171 | H90: 0 | I90: Electronics | J90: 95.1 | K90: 44693 | L90: 59 | M90: 0.2
A91: CUST_4561 | B91: 45 | C91: Female | D91: Germany | E91: 76.65 | F91: 9 | G91: 198 | H91: 0 | I91: Home | J91: 88.8 | K91: 45408 | L91: 81 | M91: 0.27
A92: CUST_7184 | B92: 33 | C92: Male | D92: Australia | E92: 97.19 | F92: 7 | G92: 230 | H92: 0 | I92: Electronics | J92: 35.3 | K92: 44854 | L92: 96 | M92: 0.1
A93: CUST_4099 | B93: 69 | C93: Female | D93: France | E93: 19.7 | F93: 6 | G93: 287 | H93: 0 | I93: Fashion | J93: 24.6 | K93: 45643 | L93: 28 | M93: 0.12
A94: CUST_7278 | B94: 36 | C94: Other | D94: China | E94: 92.98 | F94: 7 | G94: 334 | H94: 0 | I94: Fashion | J94: 62.8 | K94: 44058 | L94: 15 | M94: 0.04
A95: CUST_9392 | B95: 59 | C95: Male | D95: India | E95: 60.96 | F95: 4 | G95: 114 | H95: 0 | I95: Home | J95: 4.3 | K95: 45515 | L95: 58 | M95: 0.33
A96: CUST_4104 | B96: 34 | C96: Female | D96: China | E96: 61.71 | F96: 9 | G96: 332 | H96: 0 | I96: Beauty | J96: 49.6 | K96: 44950 | L96: 53 | M96: 0.13
A97: CUST_8215 | B97: 62 | C97: Male | D97: China | E97: 134 | F97: 12 | G97: 329 | H97: 0 | I97: Home | J97: 67.3 | K97: 44940 | L97: 42 | M97: 0.44
A98: CUST_3454 | B98: 30 | C98: Male | D98: USA | E98: 204.04 | F98: 6 | G98: 312 | H98: 0 | I98: Sports | K98: 44252 | L98: 28 | M98: 0.21
A99: CUST_9996 | B99: 24 | C99: Female | D99: France | E99: 62.08 | F99: 9 | G99: 10 | H99: 0 | I99: Beauty | J99: 97.2 | K99: 45246 | L99: 73 | M99: 0.41
A100: CUST_3731 | B100: 44 | C100: Female | D100: Brazil | E100: 130.01 | F100: 9 | G100: 103 | H100: 0 | I100: Home | J100: 71.9 | K100: 44338 | L100: 91 | M100: 0.29
A101: CUST_9154 | B101: 27 | C101: Male | D101: France | E101: 23.25 | F101: 13 | G101: 174 | H101: 0 | I101: Home | J101: 93.4 | K101: 45460 | L101: 19 | M101: 0.59
A102: CUST_6056 | B102: 51 | C102: Female | D102: Brazil | E102: 26.76 | F102: 8 | G102: 119 | H102: 0 | I102: Sports | J102: 90.8 | K102: 44798 | L102: 71 | M102: 0.2
A103: CUST_9110 | B103: 53 | C103: Female | D103: India | E103: 158.27 | F103: 9 | G103: 236 | H103: 0 | I103: Sports | K103: 45247 | L103: 89 | M103: 0.19
A104: CUST_4840 | B104: 42 | C104: Other | D104: USA | E104: 41.29 | F104: 12 | G104: 235 | H104: 0 | I104: Electronics | J104: 66.9 | K104: 45220 | L104: 94 | M104: 0.22
A105: CUST_2028 | B105: 23 | C105: Male | D105: Australia | E105: 68.94 | F105: 21 | G105: 304 | H105: 0 | I105: Fashion | J105: 59.7 | K105: 45342 | L105: 77 | M105: 0.17
A106: CUST_8385 | B106: 41 | C106: Other | D106: Germany | E106: 49.73 | F106: 5 | G106: 37 | H106: 0 | I106: Home | J106: 5.5 | K106: 44770 | L106: 2 | M106: 0.11
A107: CUST_1502 | B107: 35 | C107: Male | D107: USA | E107: 55.27 | F107: 15 | G107: 271 | H107: 0 | I107: Electronics | J107: 31.8 | K107: 44739 | L107: 18 | M107: 0.12
A108: CUST_7910 | B108: 40 | C108: Female | D108: Australia | E108: 134.3 | F108: 5 | G108: 343 | H108: 0 | I108: Beauty | J108: 53.5 | K108: 45723 | L108: 40 | M108: 0.28
A109: CUST_7938 | B109: 23 | C109: Male | D109: USA | E109: 98.85 | F109: 13 | G109: 250 | H109: 0 | I109: Beauty | J109: 54.8 | K109: 45817 | L109: 53 | M109: 0.12
A110: CUST_5488 | B110: 46 | C110: Male | D110: Australia | E110: 315.61 | F110: 9 | G110: 333 | H110: 0 | I110: Fashion | J110: 81.4 | K110: 45072 | L110: 8 | M110: 0.47
A111: CUST_1206 | B111: 79 | C111: Female | D111: USA | E111: 133.8 | F111: 10 | G111: 26 | H111: 0 | I111: Beauty | J111: 58.8 | K111: 45461 | L111: 84 | M111: 0.22
A112: CUST_6134 | B112: 42 | C112: Male | D112: France | E112: 78.32 | F112: 5 | G112: 329 | H112: 0 | I112: Fashion | J112: 46.7 | K112: 45613 | L112: 9 | M112: 0.47
A113: CUST_6977 | B113: 72 | C113: Male | D113: France | E113: 98.36 | F113: 12 | G113: 122 | H113: 0 | I113: Beauty | J113: 75.2 | K113: 45150 | L113: 77 | M113: 0.36
A114: CUST_8721 | B114: 34 | C114: Male | D114: France | E114: 86.75 | F114: 15 | G114: 155 | H114: 0 | I114: Beauty | J114: 57.1 | K114: 44759 | L114: 21 | M114: 0.12
A115: CUST_8035 | B115: 63 | C115: Female | D115: Germany | E115: 208.18 | F115: 7 | G115: 216 | H115: 0 | I115: Home | J115: 88.4 | K115: 44185 | L115: 92 | M115: 0.4
... A137: CUST_6450 | B137: 25 | C137: Male | D137: Germany | E137: 50.74 | F137: 13 | G137: 156 | H137: 0 | I137: Fashion | J137: 75.4 | K137: 44360 | L137: 63 | M137: 0.1
A138: CUST_2663 | B138: 68 | C138: Female | D138: Australia | F138: 11 | G138: 254 | H138: 0 | I138: Home | J138: 61 | K138: 45317 | L138: 56 | M138: 0.17
A139: CUST_6592 | B139: 37 | C139: Female | D139: France | E139: 98.89 | F139: 11 | G139: 180 | H139: 0 | I139: Home | J139: 22.1 | K139: 44313 | L139: 46 | M139: 0.18
A140: CUST_8392 | B140: 65 | C140: Male | D140: Germany | E140: 230.71 | F140: 8 | G140: 340 | H140: 0 | I140: Sports | J140: 39.9 | K140: 45307 | L140: 63 | M140: 0.45
A141: CUST_2306 | B141: 49 | C141: Other | D141: USA | E141: 61.83 | F141: 6 | G141: 218 | H141: 0 | I141: Electronics | J141: 71.8 | K141: 44659 | L141: 8 | M141: 0.29
A142: CUST_7776 | B142: 39 | C142: Female | D142: USA | E142: 53.62 | F142: 9 | G142: 27 | H142: 0 | I142: Sports | J142: 68 | K142: 45372 | L142: 55 | M142: 0.19
A143: CUST_6864 | B143: 76 | C143: Female | D143: Canada | E143: 83.46 | F143: 15 | G143: 150 | H143: 0 | I143: Electronics | J143: 56.2 | K143: 45760 | L143: 43 | M143: 0.18
A144: CUST_8526 | B144: 24 | C144: Male | D144: Japan | E144: 97.4 | F144: 7 | G144: 358 | H144: 0 | I144: Sports | J144: 97.9 | K144: 44112 | L144: 90 | M144: 0.41
A145: CUST_9901 | B145: 26 | C145: Male | D145: USA | E145: 54.65 | F145: 9 | G145: 99 | H145: 0 | I145: Electronics | J145: 13.2 | K145: 44169 | L145: 23 | M145: 0.32
A146: CUST_6575 | B146: 62 | C146: Female | D146: Brazil | E146: 134.02 | F146: 7 | G146: 2 | H146: 1 | I146: Beauty | J146: 48.8 | K146: 44671 | L146: 16 | M146: 0.16
A147: CUST_6530 | B147: 18 | C147: Male | D147: Brazil | E147: 126.84 | F147: 13 | G147: 32 | H147: 0 | I147: Electronics | J147: 62.4 | K147: 45557 | L147: 85 | M147: 0.11
A148: CUST_5413 | B148: 46 | C148: Other | D148: UK | E148: 148.06 | F148: 8 | G148: 198 | H148: 0 | I148: Electronics | J148: 99.4 | K148: 44650 | L148: 52 | M148: 0.17
A149: CUST_4748 | B149: 25 | C149: Male | D149: Canada | E149: 96.92 | F149: 12 | G149: 68 | H149: 0 | I149: Home | J149: 54.3 | K149: 45117 | L149: 93 | M149: 0.25
A150: CUST_1663 | B150: 73 | C150: Female | D150: Canada | E150: 55.76 | F150: 6 | G150: 89 | H150: 0 | I150: Fashion | J150: 44.2 | K150: 44335 | L150: 54 | M150: 0.22
... A155: CUST_4763 | B155: 20 | C155: Male | D155: Germany | E155: 81.56 | F155: 9 | G155: 33 | H155: 0 | I155: Home | J155: 16.8 | K155: 44660 | L155: 67 | M155: 0.28
A156: CUST_6232 | B156: 71 | C156: Female | D156: Canada | E156: 228.73 | F156: 10 | G156: 263 | H156: 0 | I156: Sports | K156: 44218 | L156: 18 | M156: 0.17
A157: CUST_2853 | B157: 62 | C157: Male | D157: UK | F157: 7 | G157: 300 | H157: 0 | I157: Beauty | J157: 31.8 | K157: 44440 | L157: 59 | M157: 0.13
A158: CUST_7585 | B158: 57 | C158: Other | D158: UK | E158: 33.63 | F158: 13 | G158: 59 | H158: 0 | I158: Home | J158: 6.8 | K158: 45592 | L158: 1 | M158: 0.55
A159: CUST_2291 | B159: 24 | C159: Female | D159: USA | E159: 159.51 | F159: 6 | G159: 183 | H159: 0 | I159: Sports | J159: 54.3 | K159: 45451 | L159: 19 | M159: 0.28
A160: CUST_4581 | B160: 44 | C160: Male | D160: USA | E160: 124.35 | F160: 10 | G160: 325 | H160: 0 | I160: Electronics | J160: 86 | K160: 45553 | L160: 13 | M160: 0.74
A161: CUST_8554 | B161: 18 | C161: Female | D161: China | E161: 218.18 | F161: 9 | G161: 356 | H161: 0 | I161: Fashion | J161: 40 | K161: 44166 | L161: 33 | M161: 0.16
A162: CUST_8280 | B162: 44 | C162: Male | D162: India | E162: 153.58 | F162: 10 | G162: 364 | H162: 0 | I162: Sports | J162: 64.8 | K162: 44263 | L162: 94 | M162: 0.51
...

Sheet Cleaned_Data
A1: customer_id | B1: age | C1: gender | D1: country | E1: avg_order_value | F1: total_orders | G1: last_purchase | H1: is_fraudulent | I1: preferred_category | J1: email_open_rate | K1: customer_since | L1: loyalty_score | M1: churn_risk | N1: avg_order_value_clean | O1: email_open_rate_clean | P1: customer_record_count | Q1: estimated_customer_value | R1: recency_segment | S1: churn_risk_segment | T1: age_group | U1: customer_tenure_days | V1: loyalty_segment | W1: fraud_status | X1: customer_value_segment | Y1: customer_priority | Z1: data_quality_flag
A2: CUST_8270 | B2: 30 | C2: Female | D2: Brazil | E2: 101.08 | F2: 8 | G2: 176 | H2: 1 | I2: Beauty | J2: 25.6 | K2: 45448 | L2: 50 | M2: 0.2 | N2: =IF(E2="",Data_Validation!$B$1,E2) -> 101.08 | O2: =IF(J2="",Data_Validation!$B$2,J2) -> 25.6 | P2: =COUNTIF($A$2:$A$5001,A2) -> 1 | Q2: =CustomerData[[#This Row],[avg_order_value_clean]]*CustomerData[[#This Row],[total_orders]] -> 808.64 | R2: =IF(G2<=30,"Active",IF(G2<=90,"At Risk","Inactive")) -> Inactive | S2: =IF(M2<0.2,"Low Risk",IF(M2<0.5,"Medium Risk","High Risk")) -> Medium Risk | T2: =IF(B2<25,"Under 25",IF(B2<35,"25-34",IF(B2<45,"35-44",IF(B2<55,"45-54","55+")))) -> 25-34 | U2: =TODAY()-K2 -> 813 | V2: =IF(L2<40,"Low Loyalty",IF(L2<70,"Medium Loyalty","High Loyalty")) -> Medium Loyalty | W2: =IF(H2=1,"Fraudulent","Legitimate") -> Fraudulent | X2: =IF(Q2<Data_Validation!$B$8,"Low Value",IF(Q2<Data_Validation!$B$9,"Medium Value","High Value")) -> Low Value | Y2: =IF(AND(X2="High Value",S2="High Risk"),"Critical - Retain",IF(AND(X2="High Value",S2<>"High Risk"),"High Value - Maintain",IF(AND(X2<>"High Value",S2="High Risk"),"At Risk - Develop","Stable"))) -> Stable | Z2: =IF(OR(B2<18,F2<0,N2<0,O2<0,O2>1,M2<0,M2>1),"Check Data","Valid") -> Check Data
A3: CUST_1860 | B3: 53 | C3: Female | D3: USA | E3: 90.39 | F3: 10 | G3: 88 | H3: 0 | I3: Electronics | J3: 12.3 | K3: 45341 | L3: 37 | M3: 0.34 | N3: =IF(E3="",Data_Validation!$B$1,E3) -> 90.39 | O3: =IF(J3="",Data_Validation!$B$2,J3) -> 12.3 | P3: =COUNTIF($A$2:$A$5001,A3) -> 1 | Q3: =CustomerData[[#This Row],[avg_order_value_clean]]*CustomerData[[#This Row],[total_orders]] -> 903.9 | R3: =IF(G3<=30,"Active",IF(G3<=90,"At Risk","Inactive")) -> At Risk | S3: =IF(M3<0.2,"Low Risk",IF(M3<0.5,"Medium Risk","High Risk")) -> Medium Risk | T3: =IF(B3<25,"Under 25",IF(B3<35,"25-34",IF(B3<45,"35-44",IF(B3<55,"45-54","55+")))) -> 45-54 | U3: =TODAY()-K3 -> 920 | V3: =IF(L3<40,"Low Loyalty",IF(L3<70,"Medium Loyalty","High Loyalty")) -> Low Loyalty | W3: =IF(H3=1,"Fraudulent","Legitimate") -> Legitimate | X3: =IF(Q3<Data_Validation!$B$8,"Low Value",IF(Q3<Data_Validation!$B$9,"Medium Value","High Value")) -> Low Value | Y3: =IF(AND(X3="High Value",S3="High Risk"),"Critical - Retain",IF(AND(X3="High Value",S3<>"High Risk"),"High Value - Maintain",IF(AND(X3<>"High Value",S3="High Risk"),"At Risk - Develop","Stable"))) -> Stable | Z3: =IF(OR(B3<18,F3<0,N3<0,O3<0,O3>1,M3<0,M3>1),"Check Data","Valid") -> Check Data
A4: CUST_6390 | B4: 73 | C4: Male | D4: Australia | E4: 83.28 | F4: 6 | G4: 203 | H4: 0 | I4: Sports | K4: 45398 | L4: 65 | M4: 0.05 | N4: =IF(E4="",Data_Validation!$B$1,E4) -> 83.28 | O4: =IF(J4="",Data_Validation!$B$2,J4) -> 250 | P4: =COUNTIF($A$2:$A$5001,A4) -> 2 | Q4: =CustomerData[[#This Row],[avg_order_value_clean]]*CustomerData[[#This Row],[total_orders]] -> 499.68 | R4: =IF(G4<=30,"Active",IF(G4<=90,"At Risk","Inactive")) -> Inactive | S4: =IF(M4<0.2,"Low Risk",IF(M4<0.5,"Medium Risk","High Risk")) -> Low Risk | T4: =IF(B4<25,"Under 25",IF(B4<35,"25-34",IF(B4<45,"35-44",IF(B4<55,"45-54","55+")))) -> 55+ | U4: =TODAY()-K4 -> 863 | V4: =IF(L4<40,"Low Loyalty",IF(L4<70,"Medium Loyalty","High Loyalty")) -> Medium Loyalty | W4: =IF(H4=1,"Fraudulent","Legitimate") -> Legitimate | X4: =IF(Q4<Data_Validation!$B$8,"Low Value",IF(Q4<Data_Validation!$B$9,"Medium Value","High Value")) -> Low Value | Y4: =IF(AND(X4="High Value",S4="High Risk"),"Critical - Retain",IF(AND(X4="High Value",S4<>"High Risk"),"High Value - Maintain",IF(AND(X4<>"High Value",S4="High Risk"),"At Risk - Develop","Stable"))) -> Stable | Z4: =IF(OR(B4<18,F4<0,N4<0,O4<0,O4>1,M4<0,M4>1),"Check Data","Valid") -> Check Data
A5: CUST_6191 | B5: 30 | C5: Other | D5: Japan | E5: 109.9 | F5: 9 | G5: 346 | H5: 1 | I5: Electronics | J5: 42.9 | K5: 44020 | L5: 93 | M5: 0.19 | N5: =IF(E5="",Data_Validation!$B$1,E5) -> 109.9 | O5: =IF(J5="",Data_Validation!$B$2,J5) -> 42.9 | P5: =COUNTIF($A$2:$A$5001,A5) -> 1 | Q5: =CustomerData[[#This Row],[avg_order_value_clean]]*CustomerData[[#This Row],[total_orders]] -> 989.1 | R5: =IF(G5<=30,"Active",IF(G5<=90,"At Risk","Inactive")) -> Inactive | S5: =IF(M5<0.2,"Low Risk",IF(M5<0.5,"Medium Risk","High Risk")) -> Low Risk | T5: =IF(B5<25,"Under 25",IF(B5<35,"25-34",IF(B5<45,"35-44",IF(B5<55,"45-54","55+")))) -> 25-34 | U5: =TODAY()-K5 -> 2241 | V5: =IF(L5<40,"Low Loyalty",IF(L5<70,"Medium Loyalty","High Loyalty")) -> High Loyalty | W5: =IF(H5=1,"Fraudulent","Legitimate") -> Fraudulent | X5: =IF(Q5<Data_Validation!$B$8,"Low Value",IF(Q5<Data_Validation!$B$9,"Medium Value","High Value")) -> Low Value | Y5: =IF(AND(X5="High Value",S5="High Risk"),"Critical - Retain",IF(AND(X5="High Value",S5<>"High Risk"),"High Value - Maintain",IF(AND(X5<>"High Value",S5="High Risk"),"At Risk - Develop","Stable"))) -> Stable | Z5: =IF(OR(B5<18,F5<0,N5<0,O5<0,O5>1,M5<0,M5>1),"Check Data","Valid") -> Check Data
A6: CUST_6734 | B6: 29 | C6: Female | D6: Canada | E6: 269.38 | F6: 16 | G6: 342 | H6: 0 | I6: Fashion | J6: 5.3 | K6: 45756 | L6: 79 | M6: 0.15 | N6: =IF(E6="",Data_Validation!$B$1,E6) -> 269.38 | O6: =IF(J6="",Data_Validation!$B$2,J6) -> 5.3 | P6: =COUNTIF($A$2:$A$5001,A6) -> 1 | Q6: =CustomerData[[#This Row],[avg_order_value_clean]]*CustomerData[[#This Row],[total_orders]] -> 4310.08 | R6: =IF(G6<=30,"Active",IF(G6<=90,"At Risk","Inactive")) -> Inactive | S6: =IF(M6<0.2,"Low Risk",IF(M6<0.5,"Medium Risk","High Risk")) -> Low Risk | T6: =IF(B6<25,"Under 25",IF(B6<35,"25-34",IF(B6<45,"35-44",IF(B6<55,"45-54","55+")))) -> 25-34 | U6: =TODAY()-K6 -> 505 | V6: =IF(L6<40,"Low Loyalty",IF(L6<70,"Medium Loyalty","High Loyalty")) -> High Loyalty | W6: =IF(H6=1,"Fraudulent","Legitimate") -> Legitimate | X6: =IF(Q6<Data_Validation!$B$8,"Low Value",IF(Q6<Data_Validation!$B$9,"Medium Value","High Value")) -> High Value | Y6: =IF(AND(X6="High Value",S6="High Risk"),"Critical - Retain",IF(AND(X6="High Value",S6<>"High Risk"),"High Value - Maintain",IF(AND(X6<>"High Value",S6="High Risk"),"At Risk - Develop","Stable"))) -> High Value - Maintain | Z6: =IF(OR(B6<18,F6<0,N6<0,O6<0,O6>1,M6<0,M6>1),"Check Data","Valid") -> Check Data
A7: CUST_7265 | B7: 54 | C7: Male | D7: Canada | E7: 114.31 | F7: 11 | G7: 210 | H7: 0 | I7: Beauty | J7: 56.5 | K7: 44471 | L7: 44 | M7: 0.21 | N7: =IF(E7="",Data_Validation!$B$1,E7) -> 114.31 | O7: =IF(J7="",Data_Validation!$B$2,J7) -> 56.5 | P7: =COUNTIF($A$2:$A$5001,A7) -> 2 | Q7: =CustomerData[[#This Row],[avg_order_value_clean]]*CustomerData[[#This Row],[total_orders]] -> 1257.41 | R7: =IF(G7<=30,"Active",IF(G7<=90,"At Risk","Inactive")) -> Inactive | S7: =IF(M7<0.2,"Low Risk",IF(M7<0.5,"Medium Risk","High Risk")) -> Medium Risk | T7: =IF(B7<25,"Under 25",IF(B7<35,"25-34",IF(B7<45,"35-44",IF(B7<55,"45-54","55+")))) -> 45-54 | U7: =TODAY()-K7 -> 1790 | V7: =IF(L7<40,"Low Loyalty",IF(L7<70,"Medium Loyalty","High Loyalty")) -> Medium Loyalty | W7: =IF(H7=1,"Fraudulent","Legitimate") -> Legitimate | X7: =IF(Q7<Data_Validation!$B$8,"Low Value",IF(Q7<Data_Validation!$B$9,"Medium Value","High Value")) -> Low Value | Y7: =IF(AND(X7="High Value",S7="High Risk"),"Critical - Retain",IF(AND(X7="High Value",S7<>"High Risk"),"High Value - Maintain",IF(AND(X7<>"High Value",S7="High Risk"),"At Risk - Develop","Stable"))) -> Stable | Z7: =IF(OR(B7<18,F7<0,N7<0,O7<0,O7>1,M7<0,M7>1),"Check Data","Valid") -> Check Data
A8: CUST_1466 | B8: 27 | C8: Female | D8: Canada | E8: 34.03 | F8: 7 | G8: 212 | H8: 0 | I8: Electronics | J8: 0.2 | K8: 44549 | L8: 60 | M8: 0.39 | N8: =IF(E8="",Data_Validation!$B$1,E8) -> 34.03 | O8: =IF(J8="",Data_Validation!$B$2,J8) -> 0.2 | P8: =COUNTIF($A$2:$A$5001,A8) -> 1 | Q8: =CustomerData[[#This Row],[avg_order_value_clean]]*CustomerData[[#This Row],[total_orders]] -> 238.21 | R8: =IF(G8<=30,"Active",IF(G8<=90,"At Risk","Inactive")) -> Inactive | S8: =IF(M8<0.2,"Low Risk",IF(M8<0.5,"Medium Risk","High Risk")) -> Medium Risk | T8: =IF(B8<25,"Under 25",IF(B8<35,"25-34",IF(B8<45,"35-44",IF(B8<55,"45-54","55+")))) -> 25-34 | U8: =TODAY()-K8 -> 1712 | V8: =IF(L8<40,"Low Loyalty",IF(L8<70,"Medium Loyalty","High Loyalty")) -> Medium Loyalty | W8: =IF(H8=1,"Fraudulent","Legitimate") -> Legitimate | X8: =IF(Q8<Data_Validation!$B$8,"Low Value",IF(Q8<Data_Validation!$B$9,"Medium Value","High Value")) -> Low Value | Y8: =IF(AND(X8="High Value",S8="High Risk"),"Critical - Retain",IF(AND(X8="High Value",S8<>"High Risk"),"High Value - Maintain",IF(AND(X8<>"High Value",S8="High Risk"),"At Risk - Develop","Stable"))) -> Stable | Z8: =IF(OR(B8<18,F8<0,N8<0,O8<0,O8>1,M8<0,M8>1),"Check Data","Valid") -> Valid
A9: CUST_5426 | B9: 77 | C9: Female | D9: Brazil | E9: 171.25 | F9: 9 | G9: 20 | H9: 0 | I9: Electronics | J9: 15.1 | K9: 44236 | L9: 29 | M9: 0.24 | N9: =IF(E9="",Data_Validation!$B$1,E9) -> 171.25 | O9: =IF(J9="",Data_Validation!$B$2,J9) -> 15.1 | P9: =COUNTIF($A$2:$A$5001,A9) -> 3 | Q9: =CustomerData[[#This Row],[avg_order_value_clean]]*CustomerData[[#This Row],[total_orders]] -> 1541.25 | R9: =IF(G9<=30,"Active",IF(G9<=90,"At Risk","Inactive")) -> Active | S9: =IF(M9<0.2,"Low Risk",IF(M9<0.5,"Medium Risk","High Risk")) -> Medium Risk | T9: =IF(B9<25,"Under 25",IF(B9<35,"25-34",IF(B9<45,"35-44",IF(B9<55,"45-54","55+")))) -> 55+ | U9: =TODAY()-K9 -> 2025 | V9: =IF(L9<40,"Low Loyalty",IF(L9<70,"Medium Loyalty","High Loyalty")) -> Low Loyalty | W9: =IF(H9=1,"Fraudulent","Legitimate") -> Legitimate | X9: =IF(Q9<Data_Validation!$B$8,"Low Value",IF(Q9<Data_Validation!$B$9,"Medium Value","High Value")) -> High Value | Y9: =IF(AND(X9="High Value",S9="High Risk"),"Critical - Retain",IF(AND(X9="High Value",S9<>"High Risk"),"High Value - Maintain",IF(AND(X9<>"High Value",S9="High Risk"),"At Risk - Develop","Stable"))) -> High Value - Maintain | Z9: =IF(OR(B9<18,F9<0,N9<0,O9<0,O9>1,M9<0,M9>1),"Check Data","Valid") -> Check Data
A10: CUST_6578 | B10: 73 | C10: Female | D10: Australia | E10: 116.79 | F10: 10 | G10: 87 | H10: 0 | I10: Sports | J10: 14.7 | K10: 44076 | L10: 85 | M10: 0.37 | N10: =IF(E10="",Data_Validation!$B$1,E10) -> 116.79 | O10: =IF(J10="",Data_Validation!$B$2,J10) -> 14.7 | P10: =COUNTIF($A$2:$A$5001,A10) -> 2 | Q10: =CustomerData[[#This Row],[avg_order_value_clean]]*CustomerData[[#This Row],[total_orders]] -> 1167.9 | R10: =IF(G10<=30,"Active",IF(G10<=90,"At Risk","Inactive")) -> At Risk | S10: =IF(M10<0.2,"Low Risk",IF(M10<0.5,"Medium Risk","High Risk")) -> Medium Risk | T10: =IF(B10<25,"Under 25",IF(B10<35,"25-34",IF(B10<45,"35-44",IF(B10<55,"45-54","55+")))) -> 55+ | U10: =TODAY()-K10 -> 2185 | V10: =IF(L10<40,"Low Loyalty",IF(L10<70,"Medium Loyalty","High Loyalty")) -> High Loyalty | W10: =IF(H10=1,"Fraudulent","Legitimate") -> Legitimate | X10: =IF(Q10<Data_Validation!$B$8,"Low Value",IF(Q10<Data_Validation!$B$9,"Medium Value","High Value")) -> Low Value | Y10: =IF(AND(X10="High Value",S10="High Risk"),"Critical - Retain",IF(AND(X10="High Value",S10<>"High Risk"),"High Value - Maintain",IF(AND(X10<>"High Value",S10="High Risk"),"At Risk - Develop","Stable"))) -> Stable | Z10: =IF(OR(B10<18,F10<0,N10<0,O10<0,O10>1,M10<0,M10>1),"Check Data","Valid") -> Check Data
A11: CUST_9322 | B11: 26 | C11: Male | D11: France | E11: 55.93 | F11: 4 | G11: 12 | H11: 0 | I11: Fashion | J11: 68.8 | K11: 45347 | L11: 63 | M11: 0.52 | N11: =IF(E11="",Data_Validation!$B$1,E11) -> 55.93 | O11: =IF(J11="",Data_Validation!$B$2,J11) -> 68.8 | P11: =COUNTIF($A$2:$A$5001,A11) -> 1 | Q11: =CustomerData[[#This Row],[avg_order_value_clean]]*CustomerData[[#This Row],[total_orders]] -> 223.72 | R11: =IF(G11<=30,"Active",IF(G11<=90,"At Risk","Inactive")) -> Active | S11: =IF(M11<0.2,"Low Risk",IF(M11<0.5,"Medium Risk","High Risk")) -> High Risk | T11: =IF(B11<25,"Under 25",IF(B11<35,"25-34",IF(B11<45,"35-44",IF(B11<55,"45-54","55+")))) -> 25-34 | U11: =TODAY()-K11 -> 914 | V11: =IF(L11<40,"Low Loyalty",IF(L11<70,"Medium Loyalty","High Loyalty")) -> Medium Loyalty | W11: =IF(H11=1,"Fraudulent","Legitimate") -> Legitimate | X11: =IF(Q11<Data_Validation!$B$8,"Low Value",IF(Q11<Data_Validation!$B$9,"Medium Value","High Value")) -> Low Value | Y11: =IF(AND(X11="High Value",S11="High Risk"),"Critical - Retain",IF(AND(X11="High Value",S11<>"High Risk"),"High Value - Maintain",IF(AND(X11<>"High Value",S11="High Risk"),"At Risk - Develop","Stable"))) -> At Risk - Develop | Z11: =IF(OR(B11<18,F11<0,N11<0,O11<0,O11>1,M11<0,M11>1),"Check Data","Valid") -> Check Data
A12: CUST_2685 | B12: 69 | C12: Female | D12: India | E12: 128.78 | F12: 7 | G12: 119 | H12: 0 | I12: Fashion | J12: 48.6 | K12: 45571 | L12: 76 | M12: 0.11 | N12: =IF(E12="",Data_Validation!$B$1,E12) -> 128.78 | O12: =IF(J12="",Data_Validation!$B$2,J12) -> 48.6 | P12: =COUNTIF($A$2:$A$5001,A12) -> 1 | Q12: =CustomerData[[#This Row],[avg_order_value_clean]]*CustomerData[[#This Row],[total_orders]] -> 901.46 | R12: =IF(G12<=30,"Active",IF(G12<=90,"At Risk","Inactive")) -> Inactive | S12: =IF(M12<0.2,"Low Risk",IF(M12<0.5,"Medium Risk","High Risk")) -> Low Risk | T12: =IF(B12<25,"Under 25",IF(B12<35,"25-34",IF(B12<45,"35-44",IF(B12<55,"45-54","55+")))) -> 55+ | U12: =TODAY()-K12 -> 690 | V12: =IF(L12<40,"Low Loyalty",IF(L12<70,"Medium Loyalty","High Loyalty")) -> High Loyalty | W12: =IF(H12=1,"Fraudulent","Legitimate") -> Legitimate | X12: =IF(Q12<Data_Validation!$B$8,"Low Value",IF(Q12<Data_Validation!$B$9,"Medium Value","High Value")) -> Low Value | Y12: =IF(AND(X12="High Value",S12="High Risk"),"Critical - Retain",IF(AND(X12="High Value",S12<>"High Risk"),"High Value - Maintain",IF(AND(X12<>"High Value",S12="High Risk"),"At Risk - Develop","Stable"))) -> Stable | Z12: =IF(OR(B12<18,F12<0,N12<0,O12<0,O12>1,M12<0,M12>1),"Check Data","Valid") -> Check Data
A13: CUST_1769 | B13: 24 | C13: Female | D13: Canada | E13: 88.23 | F13: 14 | G13: 177 | H13: 0 | I13: Beauty | J13: 83.6 | K13: 45417 | L13: 26 | M13: 0.12 | N13: =IF(E13="",Data_Validation!$B$1,E13) -> 88.23 | O13: =IF(J13="",Data_Validation!$B$2,J13) -> 83.6 | P13: =COUNTIF($A$2:$A$5001,A13) -> 3 | Q13: =CustomerData[[#This Row],[avg_order_value_clean]]*CustomerData[[#This Row],[total_orders]] -> 1235.22 | R13: =IF(G13<=30,"Active",IF(G13<=90,"At Risk","Inactive")) -> Inactive | S13: =IF(M13<0.2,"Low Risk",IF(M13<0.5,"Medium Risk","High Risk")) -> Low Risk | T13: =IF(B13<25,"Under 25",IF(B13<35,"25-34",IF(B13<45,"35-44",IF(B13<55,"45-54","55+")))) -> Under 25 | U13: =TODAY()-K13 -> 844 | V13: =IF(L13<40,"Low Loyalty",IF(L13<70,"Medium Loyalty","High Loyalty")) -> Low Loyalty | W13: =IF(H13=1,"Fraudulent","Legitimate") -> Legitimate | X13: =IF(Q13<Data_Validation!$B$8,"Low Value",IF(Q13<Data_Validation!$B$9,"Medium Value","High Value")) -> Low Value | Y13: =IF(AND(X13="High Value",S13="High Risk"),"Critical - Retain",IF(AND(X13="High Value",S13<>"High Risk"),"High Value - Maintain",IF(AND(X13<>"High Value",S13="High Risk"),"At Risk - Develop","Stable"))) -> Stable | Z13: =IF(OR(B13<18,F13<0,N13<0,O13<0,O13>1,M13<0,M13>1),"Check Data","Valid") -> Check Data
A14: CUST_7949 | B14: 19 | C14: Male | D14: India | E14: 77.24 | F14: 12 | G14: 128 | H14: 0 | I14: Home | J14: 26.5 | K14: 44375 | L14: 45 | M14: 0.63 | N14: =IF(E14="",Data_Validation!$B$1,E14) -> 77.24 | O14: =IF(J14="",Data_Validation!$B$2,J14) -> 26.5 | P14: =COUNTIF($A$2:$A$5001,A14) -> 3 | Q14: =CustomerData[[#This Row],[avg_order_value_clean]]*CustomerData[[#This Row],[total_orders]] -> 926.88 | R14: =IF(G14<=30,"Active",IF(G14<=90,"At Risk","Inactive")) -> Inactive | S14: =IF(M14<0.2,"Low Risk",IF(M14<0.5,"Medium Risk","High Risk")) -> High Risk | T14: =IF(B14<25,"Under 25",IF(B14<35,"25-34",IF(B14<45,"35-44",IF(B14<55,"45-54","55+")))) -> Under 25 | U14: =TODAY()-K14 -> 1886 | V14: =IF(L14<40,"Low Loyalty",IF(L14<70,"Medium Loyalty","High Loyalty")) -> Medium Loyalty | W14: =IF(H14=1,"Fraudulent","Legitimate") -> Legitimate | X14: =IF(Q14<Data_Validation!$B$8,"Low Value",IF(Q14<Data_Validation!$B$9,"Medium Value","High Value")) -> Low Value | Y14: =IF(AND(X14="High Value",S14="High Risk"),"Critical - Retain",IF(AND(X14="High Value",S14<>"High Risk"),"High Value - Maintain",IF(AND(X14<>"High Value",S14="High Risk"),"At Risk - Develop","Stable"))) -> At Risk - Develop | Z14: =IF(OR(B14<18,F14<0,N14<0,O14<0,O14>1,M14<0,M14>1),"Check Data","Valid") -> Check Data
A15: CUST_3433 | B15: 71 | C15: Female | D15: Brazil | E15: 91.39 | F15: 8 | G15: 50 | H15: 0 | I15: Home | J15: 21.1 | K15: 44757 | L15: 95 | M15: 0.34 | N15: =IF(E15="",Data_Validation!$B$1,E15) -> 91.39 | O15: =IF(J15="",Data_Validation!$B$2,J15) -> 21.1 | P15: =COUNTIF($A$2:$A$5001,A15) -> 2 | Q15: =CustomerData[[#This Row],[avg_order_value_clean]]*CustomerData[[#This Row],[total_orders]] -> 731.12 | R15: =IF(G15<=30,"Active",IF(G15<=90,"At Risk","Inactive")) -> At Risk | S15: =IF(M15<0.2,"Low Risk",IF(M15<0.5,"Medium Risk","High Risk")) -> Medium Risk | T15: =IF(B15<25,"Under 25",IF(B15<35,"25-34",IF(B15<45,"35-44",IF(B15<55,"45-54","55+")))) -> 55+ | U15: =TODAY()-K15 -> 1504 | V15: =IF(L15<40,"Low Loyalty",IF(L15<70,"Medium Loyalty","High Loyalty")) -> High Loyalty | W15: =IF(H15=1,"Fraudulent","Legitimate") -> Legitimate | X15: =IF(Q15<Data_Validation!$B$8,"Low Value",IF(Q15<Data_Validation!$B$9,"Medium Value","High Value")) -> Low Value | Y15: =IF(AND(X15="High Value",S15="High Risk"),"Critical - Retain",IF(AND(X15="High Value",S15<>"High Risk"),"High Value - Maintain",IF(AND(X15<>"High Value",S15="High Risk"),"At Risk - Develop","Stable"))) -> Stable | Z15: =IF(OR(B15<18,F15<0,N15<0,O15<0,O15>1,M15<0,M15>1),"Check Data","Valid") -> Check Data
A16: CUST_6311 | B16: 73 | C16: Female | D16: India | E16: 131.23 | F16: 7 | G16: 41 | H16: 0 | I16: Sports | J16: 80.3 | K16: 45433 | L16: 35 | M16: 0.61 | N16: =IF(E16="",Data_Validation!$B$1,E16) -> 131.23 | O16: =IF(J16="",Data_Validation!$B$2,J16) -> 80.3 | P16: =COUNTIF($A$2:$A$5001,A16) -> 1 | Q16: =CustomerData[[#This Row],[avg_order_value_clean]]*CustomerData[[#This Row],[total_orders]] -> 918.61 | R16: =IF(G16<=30,"Active",IF(G16<=90,"At Risk","Inactive")) -> At Risk | S16: =IF(M16<0.2,"Low Risk",IF(M16<0.5,"Medium Risk","High Risk")) -> High Risk | T16: =IF(B16<25,"Under 25",IF(B16<35,"25-34",IF(B16<45,"35-44",IF(B16<55,"45-54","55+")))) -> 55+ | U16: =TODAY()-K16 -> 828 | V16: =IF(L16<40,"Low Loyalty",IF(L16<70,"Medium Loyalty","High Loyalty")) -> Low Loyalty | W16: =IF(H16=1,"Fraudulent","Legitimate") -> Legitimate | X16: =IF(Q16<Data_Validation!$B$8,"Low Value",IF(Q16<Data_Validation!$B$9,"Medium Value","High Value")) -> Low Value | Y16: =IF(AND(X16="High Value",S16="High Risk"),"Critical - Retain",IF(AND(X16="High Value",S16<>"High Risk"),"High Value - Maintain",IF(AND(X16<>"High Value",S16="High Risk"),"At Risk - Develop","Stable"))) -> At Risk - Develop | Z16: =IF(OR(B16<18,F16<0,N16<0,O16<0,O16>1,M16<0,M16>1),"Check Data","Valid") -> Check Data
... A31: CUST_5658 | B31: 42 | C31: Male | D31: Brazil | E31: 61.94 | F31: 8 | G31: 17 | H31: 0 | I31: Beauty | J31: 99 | K31: 44457 | L31: 49 | M31: 0.41 | N31: =IF(E31="",Data_Validation!$B$1,E31) -> 61.94 | O31: =IF(J31="",Data_Validation!$B$2,J31) -> 99 | P31: =COUNTIF($A$2:$A$5001,A31) -> 3 | Q31: =CustomerData[[#This Row],[avg_order_value_clean]]*CustomerData[[#This Row],[total_orders]] -> 495.52 | R31: =IF(G31<=30,"Active",IF(G31<=90,"At Risk","Inactive")) -> Active | S31: =IF(M31<0.2,"Low Risk",IF(M31<0.5,"Medium Risk","High Risk")) -> Medium Risk | T31: =IF(B31<25,"Under 25",IF(B31<35,"25-34",IF(B31<45,"35-44",IF(B31<55,"45-54","55+")))) -> 35-44 | U31: =TODAY()-K31 -> 1804 | V31: =IF(L31<40,"Low Loyalty",IF(L31<70,"Medium Loyalty","High Loyalty")) -> Medium Loyalty | W31: =IF(H31=1,"Fraudulent","Legitimate") -> Legitimate | X31: =IF(Q31<Data_Validation!$B$8,"Low Value",IF(Q31<Data_Validation!$B$9,"Medium Value","High Value")) -> Low Value | Y31: =IF(AND(X31="High Value",S31="High Risk"),"Critical - Retain",IF(AND(X31="High Value",S31<>"High Risk"),"High Value - Maintain",IF(AND(X31<>"High Value",S31="High Risk"),"At Risk - Develop","Stable"))) -> Stable | Z31: =IF(OR(B31<18,F31<0,N31<0,O31<0,O31>1,M31<0,M31>1),"Check Data","Valid") -> Check Data
A32: CUST_2899 | B32: 48 | C32: Female | D32: Canada | F32: 8 | G32: 200 | H32: 0 | I32: Home | J32: 43.3 | K32: 44924 | L32: 3 | M32: 0.27 | N32: =IF(E32="",Data_Validation!$B$1,E32) -> 250 | O32: =IF(J32="",Data_Validation!$B$2,J32) -> 43.3 | P32: =COUNTIF($A$2:$A$5001,A32) -> 1 | Q32: =CustomerData[[#This Row],[avg_order_value_clean]]*CustomerData[[#This Row],[total_orders]] -> 2000 | R32: =IF(G32<=30,"Active",IF(G32<=90,"At Risk","Inactive")) -> Inactive | S32: =IF(M32<0.2,"Low Risk",IF(M32<0.5,"Medium Risk","High Risk")) -> Medium Risk | T32: =IF(B32<25,"Under 25",IF(B32<35,"25-34",IF(B32<45,"35-44",IF(B32<55,"45-54","55+")))) -> 45-54 | U32: =TODAY()-K32 -> 1337 | V32: =IF(L32<40,"Low Loyalty",IF(L32<70,"Medium Loyalty","High Loyalty")) -> Low Loyalty | W32: =IF(H32=1,"Fraudulent","Legitimate") -> Legitimate | X32: =IF(Q32<Data_Validation!$B$8,"Low Value",IF(Q32<Data_Validation!$B$9,"Medium Value","High Value")) -> High Value | Y32: =IF(AND(X32="High Value",S32="High Risk"),"Critical - Retain",IF(AND(X32="High Value",S32<>"High Risk"),"High Value - Maintain",IF(AND(X32<>"High Value",S32="High Risk"),"At Risk - Develop","Stable"))) -> High Value - Maintain | Z32: =IF(OR(B32<18,F32<0,N32<0,O32<0,O32>1,M32<0,M32>1),"Check Data","Valid") -> Check Data
A33: CUST_8734 | B33: 67 | C33: Male | D33: Australia | E33: 109.18 | F33: 11 | G33: 252 | H33: 0 | I33: Sports | J33: 58.6 | K33: 44429 | L33: 17 | M33: 0.31 | N33: =IF(E33="",Data_Validation!$B$1,E33) -> 109.18 | O33: =IF(J33="",Data_Validation!$B$2,J33) -> 58.6 | P33: =COUNTIF($A$2:$A$5001,A33) -> 1 | Q33: =CustomerData[[#This Row],[avg_order_value_clean]]*CustomerData[[#This Row],[total_orders]] -> 1200.98 | R33: =IF(G33<=30,"Active",IF(G33<=90,"At Risk","Inactive")) -> Inactive | S33: =IF(M33<0.2,"Low Risk",IF(M33<0.5,"Medium Risk","High Risk")) -> Medium Risk | T33: =IF(B33<25,"Under 25",IF(B33<35,"25-34",IF(B33<45,"35-44",IF(B33<55,"45-54","55+")))) -> 55+ | U33: =TODAY()-K33 -> 1832 | V33: =IF(L33<40,"Low Loyalty",IF(L33<70,"Medium Loyalty","High Loyalty")) -> Low Loyalty | W33: =IF(H33=1,"Fraudulent","Legitimate") -> Legitimate | X33: =IF(Q33<Data_Validation!$B$8,"Low Value",IF(Q33<Data_Validation!$B$9,"Medium Value","High Value")) -> Low Value | Y33: =IF(AND(X33="High Value",S33="High Risk"),"Critical - Retain",IF(AND(X33="High Value",S33<>"High Risk"),"High Value - Maintain",IF(AND(X33<>"High Value",S33="High Risk"),"At Risk - Develop","Stable"))) -> Stable | Z33: =IF(OR(B33<18,F33<0,N33<0,O33<0,O33>1,M33<0,M33>1),"Check Data","Valid") -> Check Data
A34: CUST_2267 | B34: 37 | C34: Male | D34: Australia | E34: 75.98 | F34: 6 | G34: 191 | H34: 0 | I34: Beauty | J34: 59.4 | K34: 44202 | L34: 25 | M34: 0.22 | N34: =IF(E34="",Data_Validation!$B$1,E34) -> 75.98 | O34: =IF(J34="",Data_Validation!$B$2,J34) -> 59.4 | P34: =COUNTIF($A$2:$A$5001,A34) -> 1 | Q34: =CustomerData[[#This Row],[avg_order_value_clean]]*CustomerData[[#This Row],[total_orders]] -> 455.88 | R34: =IF(G34<=30,"Active",IF(G34<=90,"At Risk","Inactive")) -> Inactive | S34: =IF(M34<0.2,"Low Risk",IF(M34<0.5,"Medium Risk","High Risk")) -> Medium Risk | T34: =IF(B34<25,"Under 25",IF(B34<35,"25-34",IF(B34<45,"35-44",IF(B34<55,"45-54","55+")))) -> 35-44 | U34: =TODAY()-K34 -> 2059 | V34: =IF(L34<40,"Low Loyalty",IF(L34<70,"Medium Loyalty","High Loyalty")) -> Low Loyalty | W34: =IF(H34=1,"Fraudulent","Legitimate") -> Legitimate | X34: =IF(Q34<Data_Validation!$B$8,"Low Value",IF(Q34<Data_Validation!$B$9,"Medium Value","High Value")) -> Low Value | Y34: =IF(AND(X34="High Value",S34="High Risk"),"Critical - Retain",IF(AND(X34="High Value",S34<>"High Risk"),"High Value - Maintain",IF(AND(X34<>"High Value",S34="High Risk"),"At Risk - Develop","Stable"))) -> Stable | Z34: =IF(OR(B34<18,F34<0,N34<0,O34<0,O34>1,M34<0,M34>1),"Check Data","Valid") -> Check Data
A35: CUST_2528 | B35: 61 | C35: Female | D35: France | E35: 46.66 | F35: 7 | G35: 48 | H35: 0 | I35: Home | J35: 34.6 | K35: 45282 | L35: 94 | M35: 0.34 | N35: =IF(E35="",Data_Validation!$B$1,E35) -> 46.66 | O35: =IF(J35="",Data_Validation!$B$2,J35) -> 34.6 | P35: =COUNTIF($A$2:$A$5001,A35) -> 1 | Q35: =CustomerData[[#This Row],[avg_order_value_clean]]*CustomerData[[#This Row],[total_orders]] -> 326.62 | R35: =IF(G35<=30,"Active",IF(G35<=90,"At Risk","Inactive")) -> At Risk | S35: =IF(M35<0.2,"Low Risk",IF(M35<0.5,"Medium Risk","High Risk")) -> Medium Risk | T35: =IF(B35<25,"Under 25",IF(B35<35,"25-34",IF(B35<45,"35-44",IF(B35<55,"45-54","55+")))) -> 55+ | U35: =TODAY()-K35 -> 979 | V35: =IF(L35<40,"Low Loyalty",IF(L35<70,"Medium Loyalty","High Loyalty")) -> High Loyalty | W35: =IF(H35=1,"Fraudulent","Legitimate") -> Legitimate | X35: =IF(Q35<Data_Validation!$B$8,"Low Value",IF(Q35<Data_Validation!$B$9,"Medium Value","High Value")) -> Low Value | Y35: =IF(AND(X35="High Value",S35="High Risk"),"Critical - Retain",IF(AND(X35="High Value",S35<>"High Risk"),"High Value - Maintain",IF(AND(X35<>"High Value",S35="High Risk"),"At Risk - Develop","Stable"))) -> Stable | Z35: =IF(OR(B35<18,F35<0,N35<0,O35<0,O35>1,M35<0,M35>1),"Check Data","Valid") -> Check Data
A36: CUST_4556 | B36: 72 | C36: Female | D36: China | E36: 106.23 | F36: 13 | G36: 93 | H36: 0 | I36: Sports | J36: 54.5 | K36: 45209 | L36: 14 | M36: 0.25 | N36: =IF(E36="",Data_Validation!$B$1,E36) -> 106.23 | O36: =IF(J36="",Data_Validation!$B$2,J36) -> 54.5 | P36: =COUNTIF($A$2:$A$5001,A36) -> 1 | Q36: =CustomerData[[#This Row],[avg_order_value_clean]]*CustomerData[[#This Row],[total_orders]] -> 1380.99 | R36: =IF(G36<=30,"Active",IF(G36<=90,"At Risk","Inactive")) -> Inactive | S36: =IF(M36<0.2,"Low Risk",IF(M36<0.5,"Medium Risk","High Risk")) -> Medium Risk | T36: =IF(B36<25,"Under 25",IF(B36<35,"25-34",IF(B36<45,"35-44",IF(B36<55,"45-54","55+")))) -> 55+ | U36: =TODAY()-K36 -> 1052 | V36: =IF(L36<40,"Low Loyalty",IF(L36<70,"Medium Loyalty","High Loyalty")) -> Low Loyalty | W36: =IF(H36=1,"Fraudulent","Legitimate") -> Legitimate | X36: =IF(Q36<Data_Validation!$B$8,"Low Value",IF(Q36<Data_Validation!$B$9,"Medium Value","High Value")) -> Low Value | Y36: =IF(AND(X36="High Value",S36="High Risk"),"Critical - Retain",IF(AND(X36="High Value",S36<>"High Risk"),"High Value - Maintain",IF(AND(X36<>"High Value",S36="High Risk"),"At Risk - Develop","Stable"))) -> Stable | Z36: =IF(OR(B36<18,F36<0,N36<0,O36<0,O36>1,M36<0,M36>1),"Check Data","Valid") -> Check Data
A37: CUST_4890 | B37: 34 | C37: Male | D37: Germany | E37: 112.56 | F37: 13 | G37: 236 | H37: 0 | I37: Beauty | J37: 58.3 | K37: 44471 | L37: 93 | M37: 0.28 | N37: =IF(E37="",Data_Validation!$B$1,E37) -> 112.56 | O37: =IF(J37="",Data_Validation!$B$2,J37) -> 58.3 | P37: =COUNTIF($A$2:$A$5001,A37) -> 1 | Q37: =CustomerData[[#This Row],[avg_order_value_clean]]*CustomerData[[#This Row],[total_orders]] -> 1463.28 | R37: =IF(G37<=30,"Active",IF(G37<=90,"At Risk","Inactive")) -> Inactive | S37: =IF(M37<0.2,"Low Risk",IF(M37<0.5,"Medium Risk","High Risk")) -> Medium Risk | T37: =IF(B37<25,"Under 25",IF(B37<35,"25-34",IF(B37<45,"35-44",IF(B37<55,"45-54","55+")))) -> 25-34 | U37: =TODAY()-K37 -> 1790 | V37: =IF(L37<40,"Low Loyalty",IF(L37<70,"Medium Loyalty","High Loyalty")) -> High Loyalty | W37: =IF(H37=1,"Fraudulent","Legitimate") -> Legitimate | X37: =IF(Q37<Data_Validation!$B$8,"Low Value",IF(Q37<Data_Validation!$B$9,"Medium Value","High Value")) -> Low Value | Y37: =IF(AND(X37="High Value",S37="High Risk"),"Critical - Retain",IF(AND(X37="High Value",S37<>"High Risk"),"High Value - Maintain",IF(AND(X37<>"High Value",S37="High Risk"),"At Risk - Develop","Stable"))) -> Stable | Z37: =IF(OR(B37<18,F37<0,N37<0,O37<0,O37>1,M37<0,M37>1),"Check Data","Valid") -> Check Data
A38: CUST_9838 | B38: 62 | C38: Other | D38: China | E38: 175.73 | F38: 14 | G38: 221 | H38: 0 | I38: Fashion | J38: 76.1 | K38: 44501 | L38: 5 | M38: 0.33 | N38: =IF(E38="",Data_Validation!$B$1,E38) -> 175.73 | O38: =IF(J38="",Data_Validation!$B$2,J38) -> 76.1 | P38: =COUNTIF($A$2:$A$5001,A38) -> 1 | Q38: =CustomerData[[#This Row],[avg_order_value_clean]]*CustomerData[[#This Row],[total_orders]] -> 2460.22 | R38: =IF(G38<=30,"Active",IF(G38<=90,"At Risk","Inactive")) -> Inactive | S38: =IF(M38<0.2,"Low Risk",IF(M38<0.5,"Medium Risk","High Risk")) -> Medium Risk | T38: =IF(B38<25,"Under 25",IF(B38<35,"25-34",IF(B38<45,"35-44",IF(B38<55,"45-54","55+")))) -> 55+ | U38: =TODAY()-K38 -> 1760 | V38: =IF(L38<40,"Low Loyalty",IF(L38<70,"Medium Loyalty","High Loyalty")) -> Low Loyalty | W38: =IF(H38=1,"Fraudulent","Legitimate") -> Legitimate | X38: =IF(Q38<Data_Validation!$B$8,"Low Value",IF(Q38<Data_Validation!$B$9,"Medium Value","High Value")) -> High Value | Y38: =IF(AND(X38="High Value",S38="High Risk"),"Critical - Retain",IF(AND(X38="High Value",S38<>"High Risk"),"High Value - Maintain",IF(AND(X38<>"High Value",S38="High Risk"),"At Risk - Develop","Stable"))) -> High Value - Maintain | Z38: =IF(OR(B38<18,F38<0,N38<0,O38<0,O38>1,M38<0,M38>1),"Check Data","Valid") -> Check Data
A39: CUST_6393 | B39: 19 | C39: Female | D39: Canada | E39: 22.72 | F39: 12 | G39: 166 | H39: 0 | I39: Sports | J39: 66.2 | K39: 45462 | L39: 71 | M39: 0.05 | N39: =IF(E39="",Data_Validation!$B$1,E39) -> 22.72 | O39: =IF(J39="",Data_Validation!$B$2,J39) -> 66.2 | P39: =COUNTIF($A$2:$A$5001,A39) -> 1 | Q39: =CustomerData[[#This Row],[avg_order_value_clean]]*CustomerData[[#This Row],[total_orders]] -> 272.64 | R39: =IF(G39<=30,"Active",IF(G39<=90,"At Risk","Inactive")) -> Inactive | S39: =IF(M39<0.2,"Low Risk",IF(M39<0.5,"Medium Risk","High Risk")) -> Low Risk | T39: =IF(B39<25,"Under 25",IF(B39<35,"25-34",IF(B39<45,"35-44",IF(B39<55,"45-54","55+")))) -> Under 25 | U39: =TODAY()-K39 -> 799 | V39: =IF(L39<40,"Low Loyalty",IF(L39<70,"Medium Loyalty","High Loyalty")) -> High Loyalty | W39: =IF(H39=1,"Fraudulent","Legitimate") -> Legitimate | X39: =IF(Q39<Data_Validation!$B$8,"Low Value",IF(Q39<Data_Validation!$B$9,"Medium Value","High Value")) -> Low Value | Y39: =IF(AND(X39="High Value",S39="High Risk"),"Critical - Retain",IF(AND(X39="High Value",S39<>"High Risk"),"High Value - Maintain",IF(AND(X39<>"High Value",S39="High Risk"),"At Risk - Develop","Stable"))) -> Stable | Z39: =IF(OR(B39<18,F39<0,N39<0,O39<0,O39>1,M39<0,M39>1),"Check Data","Valid") -> Check Data
A40: CUST_9792 | B40: 42 | C40: Male | D40: Canada | E40: 103.97 | F40: 13 | G40: 253 | H40: 0 | I40: Beauty | J40: 44.7 | K40: 45611 | L40: 83 | M40: 0.09 | N40: =IF(E40="",Data_Validation!$B$1,E40) -> 103.97 | O40: =IF(J40="",Data_Validation!$B$2,J40) -> 44.7 | P40: =COUNTIF($A$2:$A$5001,A40) -> 3 | Q40: =CustomerData[[#This Row],[avg_order_value_clean]]*CustomerData[[#This Row],[total_orders]] -> 1351.61 | R40: =IF(G40<=30,"Active",IF(G40<=90,"At Risk","Inactive")) -> Inactive | S40: =IF(M40<0.2,"Low Risk",IF(M40<0.5,"Medium Risk","High Risk")) -> Low Risk | T40: =IF(B40<25,"Under 25",IF(B40<35,"25-34",IF(B40<45,"35-44",IF(B40<55,"45-54","55+")))) -> 35-44 | U40: =TODAY()-K40 -> 650 | V40: =IF(L40<40,"Low Loyalty",IF(L40<70,"Medium Loyalty","High Loyalty")) -> High Loyalty | W40: =IF(H40=1,"Fraudulent","Legitimate") -> Legitimate | X40: =IF(Q40<Data_Validation!$B$8,"Low Value",IF(Q40<Data_Validation!$B$9,"Medium Value","High Value")) -> Low Value | Y40: =IF(AND(X40="High Value",S40="High Risk"),"Critical - Retain",IF(AND(X40="High Value",S40<>"High Risk"),"High Value - Maintain",IF(AND(X40<>"High Value",S40="High Risk"),"At Risk - Develop","Stable"))) -> Stable | Z40: =IF(OR(B40<18,F40<0,N40<0,O40<0,O40>1,M40<0,M40>1),"Check Data","Valid") -> Check Data
A41: CUST_9433 | B41: 30 | C41: Female | D41: USA | E41: 43.35 | F41: 13 | G41: 56 | H41: 0 | I41: Electronics | J41: 19.1 | K41: 45682 | L41: 33 | M41: 0.08 | N41: =IF(E41="",Data_Validation!$B$1,E41) -> 43.35 | O41: =IF(J41="",Data_Validation!$B$2,J41) -> 19.1 | P41: =COUNTIF($A$2:$A$5001,A41) -> 3 | Q41: =CustomerData[[#This Row],[avg_order_value_clean]]*CustomerData[[#This Row],[total_orders]] -> 563.55 | R41: =IF(G41<=30,"Active",IF(G41<=90,"At Risk","Inactive")) -> At Risk | S41: =IF(M41<0.2,"Low Risk",IF(M41<0.5,"Medium Risk","High Risk")) -> Low Risk | T41: =IF(B41<25,"Under 25",IF(B41<35,"25-34",IF(B41<45,"35-44",IF(B41<55,"45-54","55+")))) -> 25-34 | U41: =TODAY()-K41 -> 579 | V41: =IF(L41<40,"Low Loyalty",IF(L41<70,"Medium Loyalty","High Loyalty")) -> Low Loyalty | W41: =IF(H41=1,"Fraudulent","Legitimate") -> Legitimate | X41: =IF(Q41<Data_Validation!$B$8,"Low Value",IF(Q41<Data_Validation!$B$9,"Medium Value","High Value")) -> Low Value | Y41: =IF(AND(X41="High Value",S41="High Risk"),"Critical - Retain",IF(AND(X41="High Value",S41<>"High Risk"),"High Value - Maintain",IF(AND(X41<>"High Value",S41="High Risk"),"At Risk - Develop","Stable"))) -> Stable | Z41: =IF(OR(B41<18,F41<0,N41<0,O41<0,O41>1,M41<0,M41>1),"Check Data","Valid") -> Check Data
A42: CUST_8513 | B42: 75 | C42: Female | D42: Australia | E42: 48.94 | F42: 11 | G42: 5 | H42: 0 | I42: Fashion | J42: 2.5 | K42: 44609 | L42: 85 | M42: 0.14 | N42: =IF(E42="",Data_Validation!$B$1,E42) -> 48.94 | O42: =IF(J42="",Data_Validation!$B$2,J42) -> 2.5 | P42: =COUNTIF($A$2:$A$5001,A42) -> 1 | Q42: =CustomerData[[#This Row],[avg_order_value_clean]]*CustomerData[[#This Row],[total_orders]] -> 538.34 | R42: =IF(G42<=30,"Active",IF(G42<=90,"At Risk","Inactive")) -> Active | S42: =IF(M42<0.2,"Low Risk",IF(M42<0.5,"Medium Risk","High Risk")) -> Low Risk | T42: =IF(B42<25,"Under 25",IF(B42<35,"25-34",IF(B42<45,"35-44",IF(B42<55,"45-54","55+")))) -> 55+ | U42: =TODAY()-K42 -> 1652 | V42: =IF(L42<40,"Low Loyalty",IF(L42<70,"Medium Loyalty","High Loyalty")) -> High Loyalty | W42: =IF(H42=1,"Fraudulent","Legitimate") -> Legitimate | X42: =IF(Q42<Data_Validation!$B$8,"Low Value",IF(Q42<Data_Validation!$B$9,"Medium Value","High Value")) -> Low Value | Y42: =IF(AND(X42="High Value",S42="High Risk"),"Critical - Retain",IF(AND(X42="High Value",S42<>"High Risk"),"High Value - Maintain",IF(AND(X42<>"High Value",S42="High Risk"),"At Risk - Develop","Stable"))) -> Stable | Z42: =IF(OR(B42<18,F42<0,N42<0,O42<0,O42>1,M42<0,M42>1),"Check Data","Valid") -> Check Data
A43: CUST_3612 | B43: 56 | C43: Female | D43: UK | E43: 53.17 | F43: 5 | G43: 237 | H43: 0 | I43: Sports | J43: 65.2 | K43: 45023 | L43: 51 | M43: 0.09 | N43: =IF(E43="",Data_Validation!$B$1,E43) -> 53.17 | O43: =IF(J43="",Data_Validation!$B$2,J43) -> 65.2 | P43: =COUNTIF($A$2:$A$5001,A43) -> 1 | Q43: =CustomerData[[#This Row],[avg_order_value_clean]]*CustomerData[[#This Row],[total_orders]] -> 265.85 | R43: =IF(G43<=30,"Active",IF(G43<=90,"At Risk","Inactive")) -> Inactive | S43: =IF(M43<0.2,"Low Risk",IF(M43<0.5,"Medium Risk","High Risk")) -> Low Risk | T43: =IF(B43<25,"Under 25",IF(B43<35,"25-34",IF(B43<45,"35-44",IF(B43<55,"45-54","55+")))) -> 55+ | U43: =TODAY()-K43 -> 1238 | V43: =IF(L43<40,"Low Loyalty",IF(L43<70,"Medium Loyalty","High Loyalty")) -> Medium Loyalty | W43: =IF(H43=1,"Fraudulent","Legitimate") -> Legitimate | X43: =IF(Q43<Data_Validation!$B$8,"Low Value",IF(Q43<Data_Validation!$B$9,"Medium Value","High Value")) -> Low Value | Y43: =IF(AND(X43="High Value",S43="High Risk"),"Critical - Retain",IF(AND(X43="High Value",S43<>"High Risk"),"High Value - Maintain",IF(AND(X43<>"High Value",S43="High Risk"),"At Risk - Develop","Stable"))) -> Stable | Z43: =IF(OR(B43<18,F43<0,N43<0,O43<0,O43>1,M43<0,M43>1),"Check Data","Valid") -> Check Data
A44: CUST_8041 | B44: 45 | C44: Female | D44: Japan | E44: 26.94 | F44: 10 | G44: 220 | H44: 0 | I44: Home | J44: 47.8 | K44: 45673 | L44: 85 | M44: 0.38 | N44: =IF(E44="",Data_Validation!$B$1,E44) -> 26.94 | O44: =IF(J44="",Data_Validation!$B$2,J44) -> 47.8 | P44: =COUNTIF($A$2:$A$5001,A44) -> 2 | Q44: =CustomerData[[#This Row],[avg_order_value_clean]]*CustomerData[[#This Row],[total_orders]] -> 269.4 | R44: =IF(G44<=30,"Active",IF(G44<=90,"At Risk","Inactive")) -> Inactive | S44: =IF(M44<0.2,"Low Risk",IF(M44<0.5,"Medium Risk","High Risk")) -> Medium Risk | T44: =IF(B44<25,"Under 25",IF(B44<35,"25-34",IF(B44<45,"35-44",IF(B44<55,"45-54","55+")))) -> 45-54 | U44: =TODAY()-K44 -> 588 | V44: =IF(L44<40,"Low Loyalty",IF(L44<70,"Medium Loyalty","High Loyalty")) -> High Loyalty | W44: =IF(H44=1,"Fraudulent","Legitimate") -> Legitimate | X44: =IF(Q44<Data_Validation!$B$8,"Low Value",IF(Q44<Data_Validation!$B$9,"Medium Value","High Value")) -> Low Value | Y44: =IF(AND(X44="High Value",S44="High Risk"),"Critical - Retain",IF(AND(X44="High Value",S44<>"High Risk"),"High Value - Maintain",IF(AND(X44<>"High Value",S44="High Risk"),"At Risk - Develop","Stable"))) -> Stable | Z44: =IF(OR(B44<18,F44<0,N44<0,O44<0,O44>1,M44<0,M44>1),"Check Data","Valid") -> Check Data
... A54: CUST_4073 | B54: 37 | C54: Male | D54: Canada | E54: 99.86 | F54: 13 | G54: 209 | H54: 0 | I54: Fashion | J54: 96.7 | K54: 45832 | L54: 34 | M54: 0.24 | N54: =IF(E54="",Data_Validation!$B$1,E54) -> 99.86 | O54: =IF(J54="",Data_Validation!$B$2,J54) -> 96.7 | P54: =COUNTIF($A$2:$A$5001,A54) -> 1 | Q54: =CustomerData[[#This Row],[avg_order_value_clean]]*CustomerData[[#This Row],[total_orders]] -> 1298.18 | R54: =IF(G54<=30,"Active",IF(G54<=90,"At Risk","Inactive")) -> Inactive | S54: =IF(M54<0.2,"Low Risk",IF(M54<0.5,"Medium Risk","High Risk")) -> Medium Risk | T54: =IF(B54<25,"Under 25",IF(B54<35,"25-34",IF(B54<45,"35-44",IF(B54<55,"45-54","55+")))) -> 35-44 | U54: =TODAY()-K54 -> 429 | V54: =IF(L54<40,"Low Loyalty",IF(L54<70,"Medium Loyalty","High Loyalty")) -> Low Loyalty | W54: =IF(H54=1,"Fraudulent","Legitimate") -> Legitimate | X54: =IF(Q54<Data_Validation!$B$8,"Low Value",IF(Q54<Data_Validation!$B$9,"Medium Value","High Value")) -> Low Value | Y54: =IF(AND(X54="High Value",S54="High Risk"),"Critical - Retain",IF(AND(X54="High Value",S54<>"High Risk"),"High Value - Maintain",IF(AND(X54<>"High Value",S54="High Risk"),"At Risk - Develop","Stable"))) -> Stable | Z54: =IF(OR(B54<18,F54<0,N54<0,O54<0,O54>1,M54<0,M54>1),"Check Data","Valid") -> Check Data
A55: CUST_2021 | B55: 22 | C55: Female | D55: USA | F55: 9 | G55: 255 | H55: 0 | I55: Home | J55: 36.5 | K55: 44545 | L55: 65 | M55: 0.13 | N55: =IF(E55="",Data_Validation!$B$1,E55) -> 250 | O55: =IF(J55="",Data_Validation!$B$2,J55) -> 36.5 | P55: =COUNTIF($A$2:$A$5001,A55) -> 1 | Q55: =CustomerData[[#This Row],[avg_order_value_clean]]*CustomerData[[#This Row],[total_orders]] -> 2250 | R55: =IF(G55<=30,"Active",IF(G55<=90,"At Risk","Inactive")) -> Inactive | S55: =IF(M55<0.2,"Low Risk",IF(M55<0.5,"Medium Risk","High Risk")) -> Low Risk | T55: =IF(B55<25,"Under 25",IF(B55<35,"25-34",IF(B55<45,"35-44",IF(B55<55,"45-54","55+")))) -> Under 25 | U55: =TODAY()-K55 -> 1716 | V55: =IF(L55<40,"Low Loyalty",IF(L55<70,"Medium Loyalty","High Loyalty")) -> Medium Loyalty | W55: =IF(H55=1,"Fraudulent","Legitimate") -> Legitimate | X55: =IF(Q55<Data_Validation!$B$8,"Low Value",IF(Q55<Data_Validation!$B$9,"Medium Value","High Value")) -> High Value | Y55: =IF(AND(X55="High Value",S55="High Risk"),"Critical - Retain",IF(AND(X55="High Value",S55<>"High Risk"),"High Value - Maintain",IF(AND(X55<>"High Value",S55="High Risk"),"At Risk - Develop","Stable"))) -> High Value - Maintain | Z55: =IF(OR(B55<18,F55<0,N55<0,O55<0,O55>1,M55<0,M55>1),"Check Data","Valid") -> Check Data
A56: CUST_4843 | B56: 36 | C56: Male | D56: Canada | E56: 50.6 | F56: 11 | G56: 311 | H56: 0 | I56: Beauty | J56: 79.2 | K56: 44830 | L56: 32 | M56: 0.36 | N56: =IF(E56="",Data_Validation!$B$1,E56) -> 50.6 | O56: =IF(J56="",Data_Validation!$B$2,J56) -> 79.2 | P56: =COUNTIF($A$2:$A$5001,A56) -> 1 | Q56: =CustomerData[[#This Row],[avg_order_value_clean]]*CustomerData[[#This Row],[total_orders]] -> 556.6 | R56: =IF(G56<=30,"Active",IF(G56<=90,"At Risk","Inactive")) -> Inactive | S56: =IF(M56<0.2,"Low Risk",IF(M56<0.5,"Medium Risk","High Risk")) -> Medium Risk | T56: =IF(B56<25,"Under 25",IF(B56<35,"25-34",IF(B56<45,"35-44",IF(B56<55,"45-54","55+")))) -> 35-44 | U56: =TODAY()-K56 -> 1431 | V56: =IF(L56<40,"Low Loyalty",IF(L56<70,"Medium Loyalty","High Loyalty")) -> Low Loyalty | W56: =IF(H56=1,"Fraudulent","Legitimate") -> Legitimate | X56: =IF(Q56<Data_Validation!$B$8,"Low Value",IF(Q56<Data_Validation!$B$9,"Medium Value","High Value")) -> Low Value | Y56: =IF(AND(X56="High Value",S56="High Risk"),"Critical - Retain",IF(AND(X56="High Value",S56<>"High Risk"),"High Value - Maintain",IF(AND(X56<>"High Value",S56="High Risk"),"At Risk - Develop","Stable"))) -> Stable | Z56: =IF(OR(B56<18,F56<0,N56<0,O56<0,O56>1,M56<0,M56>1),"Check Data","Valid") -> Check Data
A57: CUST_8989 | B57: 39 | C57: Other | D57: UK | E57: 64.39 | F57: 10 | G57: 39 | H57: 0 | I57: Beauty | J57: 24.2 | K57: 44751 | L57: 22 | M57: 0.4 | N57: =IF(E57="",Data_Validation!$B$1,E57) -> 64.39 | O57: =IF(J57="",Data_Validation!$B$2,J57) -> 24.2 | P57: =COUNTIF($A$2:$A$5001,A57) -> 1 | Q57: =CustomerData[[#This Row],[avg_order_value_clean]]*CustomerData[[#This Row],[total_orders]] -> 643.9 | R57: =IF(G57<=30,"Active",IF(G57<=90,"At Risk","Inactive")) -> At Risk | S57: =IF(M57<0.2,"Low Risk",IF(M57<0.5,"Medium Risk","High Risk")) -> Medium Risk | T57: =IF(B57<25,"Under 25",IF(B57<35,"25-34",IF(B57<45,"35-44",IF(B57<55,"45-54","55+")))) -> 35-44 | U57: =TODAY()-K57 -> 1510 | V57: =IF(L57<40,"Low Loyalty",IF(L57<70,"Medium Loyalty","High Loyalty")) -> Low Loyalty | W57: =IF(H57=1,"Fraudulent","Legitimate") -> Legitimate | X57: =IF(Q57<Data_Validation!$B$8,"Low Value",IF(Q57<Data_Validation!$B$9,"Medium Value","High Value")) -> Low Value | Y57: =IF(AND(X57="High Value",S57="High Risk"),"Critical - Retain",IF(AND(X57="High Value",S57<>"High Risk"),"High Value - Maintain",IF(AND(X57<>"High Value",S57="High Risk"),"At Risk - Develop","Stable"))) -> Stable | Z57: =IF(OR(B57<18,F57<0,N57<0,O57<0,O57>1,M57<0,M57>1),"Check Data","Valid") -> Check Data
A58: CUST_7873 | B58: 76 | C58: Male | D58: France | E58: 188.66 | F58: 19 | G58: 352 | H58: 0 | I58: Home | J58: 5.8 | K58: 45411 | L58: 62 | M58: 0.33 | N58: =IF(E58="",Data_Validation!$B$1,E58) -> 188.66 | O58: =IF(J58="",Data_Validation!$B$2,J58) -> 5.8 | P58: =COUNTIF($A$2:$A$5001,A58) -> 1 | Q58: =CustomerData[[#This Row],[avg_order_value_clean]]*CustomerData[[#This Row],[total_orders]] -> 3584.54 | R58: =IF(G58<=30,"Active",IF(G58<=90,"At Risk","Inactive")) -> Inactive | S58: =IF(M58<0.2,"Low Risk",IF(M58<0.5,"Medium Risk","High Risk")) -> Medium Risk | T58: =IF(B58<25,"Under 25",IF(B58<35,"25-34",IF(B58<45,"35-44",IF(B58<55,"45-54","55+")))) -> 55+ | U58: =TODAY()-K58 -> 850 | V58: =IF(L58<40,"Low Loyalty",IF(L58<70,"Medium Loyalty","High Loyalty")) -> Medium Loyalty | W58: =IF(H58=1,"Fraudulent","Legitimate") -> Legitimate | X58: =IF(Q58<Data_Validation!$B$8,"Low Value",IF(Q58<Data_Validation!$B$9,"Medium Value","High Value")) -> High Value | Y58: =IF(AND(X58="High Value",S58="High Risk"),"Critical - Retain",IF(AND(X58="High Value",S58<>"High Risk"),"High Value - Maintain",IF(AND(X58<>"High Value",S58="High Risk"),"At Risk - Develop","Stable"))) -> High Value - Maintain | Z58: =IF(OR(B58<18,F58<0,N58<0,O58<0,O58>1,M58<0,M58>1),"Check Data","Valid") -> Check Data
A59: CUST_6675 | B59: 77 | C59: Male | D59: Canada | E59: 142.52 | F59: 10 | G59: 201 | H59: 0 | I59: Home | J59: 4 | K59: 44389 | L59: 93 | M59: 0.31 | N59: =IF(E59="",Data_Validation!$B$1,E59) -> 142.52 | O59: =IF(J59="",Data_Validation!$B$2,J59) -> 4 | P59: =COUNTIF($A$2:$A$5001,A59) -> 3 | Q59: =CustomerData[[#This Row],[avg_order_value_clean]]*CustomerData[[#This Row],[total_orders]] -> 1425.2 | R59: =IF(G59<=30,"Active",IF(G59<=90,"At Risk","Inactive")) -> Inactive | S59: =IF(M59<0.2,"Low Risk",IF(M59<0.5,"Medium Risk","High Risk")) -> Medium Risk | T59: =IF(B59<25,"Under 25",IF(B59<35,"25-34",IF(B59<45,"35-44",IF(B59<55,"45-54","55+")))) -> 55+ | U59: =TODAY()-K59 -> 1872 | V59: =IF(L59<40,"Low Loyalty",IF(L59<70,"Medium Loyalty","High Loyalty")) -> High Loyalty | W59: =IF(H59=1,"Fraudulent","Legitimate") -> Legitimate | X59: =IF(Q59<Data_Validation!$B$8,"Low Value",IF(Q59<Data_Validation!$B$9,"Medium Value","High Value")) -> Low Value | Y59: =IF(AND(X59="High Value",S59="High Risk"),"Critical - Retain",IF(AND(X59="High Value",S59<>"High Risk"),"High Value - Maintain",IF(AND(X59<>"High Value",S59="High Risk"),"At Risk - Develop","Stable"))) -> Stable | Z59: =IF(OR(B59<18,F59<0,N59<0,O59<0,O59>1,M59<0,M59>1),"Check Data","Valid") -> Check Data
A60: CUST_1161 | B60: 36 | C60: Male | D60: Japan | F60: 12 | G60: 85 | H60: 0 | I60: Beauty | J60: 2.9 | K60: 44979 | L60: 45 | M60: 0.35 | N60: =IF(E60="",Data_Validation!$B$1,E60) -> 250 | O60: =IF(J60="",Data_Validation!$B$2,J60) -> 2.9 | P60: =COUNTIF($A$2:$A$5001,A60) -> 2 | Q60: =CustomerData[[#This Row],[avg_order_value_clean]]*CustomerData[[#This Row],[total_orders]] -> 3000 | R60: =IF(G60<=30,"Active",IF(G60<=90,"At Risk","Inactive")) -> At Risk | S60: =IF(M60<0.2,"Low Risk",IF(M60<0.5,"Medium Risk","High Risk")) -> Medium Risk | T60: =IF(B60<25,"Under 25",IF(B60<35,"25-34",IF(B60<45,"35-44",IF(B60<55,"45-54","55+")))) -> 35-44 | U60: =TODAY()-K60 -> 1282 | V60: =IF(L60<40,"Low Loyalty",IF(L60<70,"Medium Loyalty","High Loyalty")) -> Medium Loyalty | W60: =IF(H60=1,"Fraudulent","Legitimate") -> Legitimate | X60: =IF(Q60<Data_Validation!$B$8,"Low Value",IF(Q60<Data_Validation!$B$9,"Medium Value","High Value")) -> High Value | Y60: =IF(AND(X60="High Value",S60="High Risk"),"Critical - Retain",IF(AND(X60="High Value",S60<>"High Risk"),"High Value - Maintain",IF(AND(X60<>"High Value",S60="High Risk"),"At Risk - Develop","Stable"))) -> High Value - Maintain | Z60: =IF(OR(B60<18,F60<0,N60<0,O60<0,O60>1,M60<0,M60>1),"Check Data","Valid") -> Check Data
A61: CUST_5297 | B61: 79 | C61: Male | D61: Canada | E61: 78.1 | F61: 16 | G61: 42 | H61: 0 | I61: Sports | J61: 73.6 | K61: 45545 | L61: 11 | M61: 0.17 | N61: =IF(E61="",Data_Validation!$B$1,E61) -> 78.1 | O61: =IF(J61="",Data_Validation!$B$2,J61) -> 73.6 | P61: =COUNTIF($A$2:$A$5001,A61) -> 1 | Q61: =CustomerData[[#This Row],[avg_order_value_clean]]*CustomerData[[#This Row],[total_orders]] -> 1249.6 | R61: =IF(G61<=30,"Active",IF(G61<=90,"At Risk","Inactive")) -> At Risk | S61: =IF(M61<0.2,"Low Risk",IF(M61<0.5,"Medium Risk","High Risk")) -> Low Risk | T61: =IF(B61<25,"Under 25",IF(B61<35,"25-34",IF(B61<45,"35-44",IF(B61<55,"45-54","55+")))) -> 55+ | U61: =TODAY()-K61 -> 716 | V61: =IF(L61<40,"Low Loyalty",IF(L61<70,"Medium Loyalty","High Loyalty")) -> Low Loyalty | W61: =IF(H61=1,"Fraudulent","Legitimate") -> Legitimate | X61: =IF(Q61<Data_Validation!$B$8,"Low Value",IF(Q61<Data_Validation!$B$9,"Medium Value","High Value")) -> Low Value | Y61: =IF(AND(X61="High Value",S61="High Risk"),"Critical - Retain",IF(AND(X61="High Value",S61<>"High Risk"),"High Value - Maintain",IF(AND(X61<>"High Value",S61="High Risk"),"At Risk - Develop","Stable"))) -> Stable | Z61: =IF(OR(B61<18,F61<0,N61<0,O61<0,O61>1,M61<0,M61>1),"Check Data","Valid") -> Check Data
A62: CUST_1995 | B62: 64 | C62: Female | D62: France | E62: 29.96 | F62: 10 | G62: 235 | H62: 0 | I62: Electronics | J62: 34.2 | K62: 45082 | L62: 33 | M62: 0.38 | N62: =IF(E62="",Data_Validation!$B$1,E62) -> 29.96 | O62: =IF(J62="",Data_Validation!$B$2,J62) -> 34.2 | P62: =COUNTIF($A$2:$A$5001,A62) -> 1 | Q62: =CustomerData[[#This Row],[avg_order_value_clean]]*CustomerData[[#This Row],[total_orders]] -> 299.6 | R62: =IF(G62<=30,"Active",IF(G62<=90,"At Risk","Inactive")) -> Inactive | S62: =IF(M62<0.2,"Low Risk",IF(M62<0.5,"Medium Risk","High Risk")) -> Medium Risk | T62: =IF(B62<25,"Under 25",IF(B62<35,"25-34",IF(B62<45,"35-44",IF(B62<55,"45-54","55+")))) -> 55+ | U62: =TODAY()-K62 -> 1179 | V62: =IF(L62<40,"Low Loyalty",IF(L62<70,"Medium Loyalty","High Loyalty")) -> Low Loyalty | W62: =IF(H62=1,"Fraudulent","Legitimate") -> Legitimate | X62: =IF(Q62<Data_Validation!$B$8,"Low Value",IF(Q62<Data_Validation!$B$9,"Medium Value","High Value")) -> Low Value | Y62: =IF(AND(X62="High Value",S62="High Risk"),"Critical - Retain",IF(AND(X62="High Value",S62<>"High Risk"),"High Value - Maintain",IF(AND(X62<>"High Value",S62="High Risk"),"At Risk - Develop","Stable"))) -> Stable | Z62: =IF(OR(B62<18,F62<0,N62<0,O62<0,O62>1,M62<0,M62>1),"Check Data","Valid") -> Check Data
A63: CUST_8629 | B63: 79 | C63: Female | D63: China | E63: 25.66 | F63: 12 | G63: 69 | H63: 0 | I63: Beauty | J63: 82.4 | K63: 44301 | L63: 38 | M63: 0.33 | N63: =IF(E63="",Data_Validation!$B$1,E63) -> 25.66 | O63: =IF(J63="",Data_Validation!$B$2,J63) -> 82.4 | P63: =COUNTIF($A$2:$A$5001,A63) -> 2 | Q63: =CustomerData[[#This Row],[avg_order_value_clean]]*CustomerData[[#This Row],[total_orders]] -> 307.92 | R63: =IF(G63<=30,"Active",IF(G63<=90,"At Risk","Inactive")) -> At Risk | S63: =IF(M63<0.2,"Low Risk",IF(M63<0.5,"Medium Risk","High Risk")) -> Medium Risk | T63: =IF(B63<25,"Under 25",IF(B63<35,"25-34",IF(B63<45,"35-44",IF(B63<55,"45-54","55+")))) -> 55+ | U63: =TODAY()-K63 -> 1960 | V63: =IF(L63<40,"Low Loyalty",IF(L63<70,"Medium Loyalty","High Loyalty")) -> Low Loyalty | W63: =IF(H63=1,"Fraudulent","Legitimate") -> Legitimate | X63: =IF(Q63<Data_Validation!$B$8,"Low Value",IF(Q63<Data_Validation!$B$9,"Medium Value","High Value")) -> Low Value | Y63: =IF(AND(X63="High Value",S63="High Risk"),"Critical - Retain",IF(AND(X63="High Value",S63<>"High Risk"),"High Value - Maintain",IF(AND(X63<>"High Value",S63="High Risk"),"At Risk - Develop","Stable"))) -> Stable | Z63: =IF(OR(B63<18,F63<0,N63<0,O63<0,O63>1,M63<0,M63>1),"Check Data","Valid") -> Check Data
A64: CUST_2016 | B64: 33 | C64: Male | D64: Brazil | E64: 37.74 | F64: 9 | G64: 355 | H64: 0 | I64: Electronics | J64: 87.4 | K64: 45107 | L64: 65 | M64: 0.17 | N64: =IF(E64="",Data_Validation!$B$1,E64) -> 37.74 | O64: =IF(J64="",Data_Validation!$B$2,J64) -> 87.4 | P64: =COUNTIF($A$2:$A$5001,A64) -> 2 | Q64: =CustomerData[[#This Row],[avg_order_value_clean]]*CustomerData[[#This Row],[total_orders]] -> 339.66 | R64: =IF(G64<=30,"Active",IF(G64<=90,"At Risk","Inactive")) -> Inactive | S64: =IF(M64<0.2,"Low Risk",IF(M64<0.5,"Medium Risk","High Risk")) -> Low Risk | T64: =IF(B64<25,"Under 25",IF(B64<35,"25-34",IF(B64<45,"35-44",IF(B64<55,"45-54","55+")))) -> 25-34 | U64: =TODAY()-K64 -> 1154 | V64: =IF(L64<40,"Low Loyalty",IF(L64<70,"Medium Loyalty","High Loyalty")) -> Medium Loyalty | W64: =IF(H64=1,"Fraudulent","Legitimate") -> Legitimate | X64: =IF(Q64<Data_Validation!$B$8,"Low Value",IF(Q64<Data_Validation!$B$9,"Medium Value","High Value")) -> Low Value | Y64: =IF(AND(X64="High Value",S64="High Risk"),"Critical - Retain",IF(AND(X64="High Value",S64<>"High Risk"),"High Value - Maintain",IF(AND(X64<>"High Value",S64="High Risk"),"At Risk - Develop","Stable"))) -> Stable | Z64: =IF(OR(B64<18,F64<0,N64<0,O64<0,O64>1,M64<0,M64>1),"Check Data","Valid") -> Check Data
A65: CUST_8869 | B65: 41 | C65: Male | D65: USA | E65: 38.89 | F65: 8 | G65: 130 | H65: 1 | I65: Home | J65: 30.6 | K65: 44137 | L65: 63 | M65: 0.3 | N65: =IF(E65="",Data_Validation!$B$1,E65) -> 38.89 | O65: =IF(J65="",Data_Validation!$B$2,J65) -> 30.6 | P65: =COUNTIF($A$2:$A$5001,A65) -> 2 | Q65: =CustomerData[[#This Row],[avg_order_value_clean]]*CustomerData[[#This Row],[total_orders]] -> 311.12 | R65: =IF(G65<=30,"Active",IF(G65<=90,"At Risk","Inactive")) -> Inactive | S65: =IF(M65<0.2,"Low Risk",IF(M65<0.5,"Medium Risk","High Risk")) -> Medium Risk | T65: =IF(B65<25,"Under 25",IF(B65<35,"25-34",IF(B65<45,"35-44",IF(B65<55,"45-54","55+")))) -> 35-44 | U65: =TODAY()-K65 -> 2124 | V65: =IF(L65<40,"Low Loyalty",IF(L65<70,"Medium Loyalty","High Loyalty")) -> Medium Loyalty | W65: =IF(H65=1,"Fraudulent","Legitimate") -> Fraudulent | X65: =IF(Q65<Data_Validation!$B$8,"Low Value",IF(Q65<Data_Validation!$B$9,"Medium Value","High Value")) -> Low Value | Y65: =IF(AND(X65="High Value",S65="High Risk"),"Critical - Retain",IF(AND(X65="High Value",S65<>"High Risk"),"High Value - Maintain",IF(AND(X65<>"High Value",S65="High Risk"),"At Risk - Develop","Stable"))) -> Stable | Z65: =IF(OR(B65<18,F65<0,N65<0,O65<0,O65>1,M65<0,M65>1),"Check Data","Valid") -> Check Data
A66: CUST_7439 | B66: 58 | C66: Female | D66: Brazil | E66: 224.56 | F66: 4 | G66: 131 | H66: 0 | I66: Fashion | J66: 28.9 | K66: 44739 | L66: 38 | M66: 0.07 | N66: =IF(E66="",Data_Validation!$B$1,E66) -> 224.56 | O66: =IF(J66="",Data_Validation!$B$2,J66) -> 28.9 | P66: =COUNTIF($A$2:$A$5001,A66) -> 2 | Q66: =CustomerData[[#This Row],[avg_order_value_clean]]*CustomerData[[#This Row],[total_orders]] -> 898.24 | R66: =IF(G66<=30,"Active",IF(G66<=90,"At Risk","Inactive")) -> Inactive | S66: =IF(M66<0.2,"Low Risk",IF(M66<0.5,"Medium Risk","High Risk")) -> Low Risk | T66: =IF(B66<25,"Under 25",IF(B66<35,"25-34",IF(B66<45,"35-44",IF(B66<55,"45-54","55+")))) -> 55+ | U66: =TODAY()-K66 -> 1522 | V66: =IF(L66<40,"Low Loyalty",IF(L66<70,"Medium Loyalty","High Loyalty")) -> Low Loyalty | W66: =IF(H66=1,"Fraudulent","Legitimate") -> Legitimate | X66: =IF(Q66<Data_Validation!$B$8,"Low Value",IF(Q66<Data_Validation!$B$9,"Medium Value","High Value")) -> Low Value | Y66: =IF(AND(X66="High Value",S66="High Risk"),"Critical - Retain",IF(AND(X66="High Value",S66<>"High Risk"),"High Value - Maintain",IF(AND(X66<>"High Value",S66="High Risk"),"At Risk - Develop","Stable"))) -> Stable | Z66: =IF(OR(B66<18,F66<0,N66<0,O66<0,O66>1,M66<0,M66>1),"Check Data","Valid") -> Check Data
A67: CUST_8892 | B67: 21 | C67: Male | D67: USA | E67: 177.53 | F67: 4 | G67: 247 | H67: 0 | I67: Home | J67: 30.8 | K67: 45064 | L67: 73 | M67: 0.26 | N67: =IF(E67="",Data_Validation!$B$1,E67) -> 177.53 | O67: =IF(J67="",Data_Validation!$B$2,J67) -> 30.8 | P67: =COUNTIF($A$2:$A$5001,A67) -> 1 | Q67: =CustomerData[[#This Row],[avg_order_value_clean]]*CustomerData[[#This Row],[total_orders]] -> 710.12 | R67: =IF(G67<=30,"Active",IF(G67<=90,"At Risk","Inactive")) -> Inactive | S67: =IF(M67<0.2,"Low Risk",IF(M67<0.5,"Medium Risk","High Risk")) -> Medium Risk | T67: =IF(B67<25,"Under 25",IF(B67<35,"25-34",IF(B67<45,"35-44",IF(B67<55,"45-54","55+")))) -> Under 25 | U67: =TODAY()-K67 -> 1197 | V67: =IF(L67<40,"Low Loyalty",IF(L67<70,"Medium Loyalty","High Loyalty")) -> High Loyalty | W67: =IF(H67=1,"Fraudulent","Legitimate") -> Legitimate | X67: =IF(Q67<Data_Validation!$B$8,"Low Value",IF(Q67<Data_Validation!$B$9,"Medium Value","High Value")) -> Low Value | Y67: =IF(AND(X67="High Value",S67="High Risk"),"Critical - Retain",IF(AND(X67="High Value",S67<>"High Risk"),"High Value - Maintain",IF(AND(X67<>"High Value",S67="High Risk"),"At Risk - Develop","Stable"))) -> Stable | Z67: =IF(OR(B67<18,F67<0,N67<0,O67<0,O67>1,M67<0,M67>1),"Check Data","Valid") -> Check Data
A68: CUST_7863 | B68: 32 | C68: Female | D68: UK | E68: 22.84 | F68: 11 | G68: 154 | H68: 0 | I68: Home | J68: 47.5 | K68: 44711 | L68: 13 | M68: 0.59 | N68: =IF(E68="",Data_Validation!$B$1,E68) -> 22.84 | O68: =IF(J68="",Data_Validation!$B$2,J68) -> 47.5 | P68: =COUNTIF($A$2:$A$5001,A68) -> 1 | Q68: =CustomerData[[#This Row],[avg_order_value_clean]]*CustomerData[[#This Row],[total_orders]] -> 251.24 | R68: =IF(G68<=30,"Active",IF(G68<=90,"At Risk","Inactive")) -> Inactive | S68: =IF(M68<0.2,"Low Risk",IF(M68<0.5,"Medium Risk","High Risk")) -> High Risk | T68: =IF(B68<25,"Under 25",IF(B68<35,"25-34",IF(B68<45,"35-44",IF(B68<55,"45-54","55+")))) -> 25-34 | U68: =TODAY()-K68 -> 1550 | V68: =IF(L68<40,"Low Loyalty",IF(L68<70,"Medium Loyalty","High Loyalty")) -> Low Loyalty | W68: =IF(H68=1,"Fraudulent","Legitimate") -> Legitimate | X68: =IF(Q68<Data_Validation!$B$8,"Low Value",IF(Q68<Data_Validation!$B$9,"Medium Value","High Value")) -> Low Value | Y68: =IF(AND(X68="High Value",S68="High Risk"),"Critical - Retain",IF(AND(X68="High Value",S68<>"High Risk"),"High Value - Maintain",IF(AND(X68<>"High Value",S68="High Risk"),"At Risk - Develop","Stable"))) -> At Risk - Develop | Z68: =IF(OR(B68<18,F68<0,N68<0,O68<0,O68>1,M68<0,M68>1),"Check Data","Valid") -> Check Data
A69: CUST_8916 | B69: 42 | C69: Female | D69: Australia | E69: 36.64 | F69: 13 | G69: 229 | H69: 0 | I69: Home | J69: 1.6 | K69: 45112 | L69: 48 | M69: 0.35 | N69: =IF(E69="",Data_Validation!$B$1,E69) -> 36.64 | O69: =IF(J69="",Data_Validation!$B$2,J69) -> 1.6 | P69: =COUNTIF($A$2:$A$5001,A69) -> 1 | Q69: =CustomerData[[#This Row],[avg_order_value_clean]]*CustomerData[[#This Row],[total_orders]] -> 476.32 | R69: =IF(G69<=30,"Active",IF(G69<=90,"At Risk","Inactive")) -> Inactive | S69: =IF(M69<0.2,"Low Risk",IF(M69<0.5,"Medium Risk","High Risk")) -> Medium Risk | T69: =IF(B69<25,"Under 25",IF(B69<35,"25-34",IF(B69<45,"35-44",IF(B69<55,"45-54","55+")))) -> 35-44 | U69: =TODAY()-K69 -> 1149 | V69: =IF(L69<40,"Low Loyalty",IF(L69<70,"Medium Loyalty","High Loyalty")) -> Medium Loyalty | W69: =IF(H69=1,"Fraudulent","Legitimate") -> Legitimate | X69: =IF(Q69<Data_Validation!$B$8,"Low Value",IF(Q69<Data_Validation!$B$9,"Medium Value","High Value")) -> Low Value | Y69: =IF(AND(X69="High Value",S69="High Risk"),"Critical - Retain",IF(AND(X69="High Value",S69<>"High Risk"),"High Value - Maintain",IF(AND(X69<>"High Value",S69="High Risk"),"At Risk - Develop","Stable"))) -> Stable | Z69: =IF(OR(B69<18,F69<0,N69<0,O69<0,O69>1,M69<0,M69>1),"Check Data","Valid") -> Check Data
A70: CUST_9529 | B70: 61 | C70: Female | D70: Japan | E70: 99.99 | F70: 8 | G70: 88 | H70: 0 | I70: Beauty | J70: 1.1 | K70: 45196 | L70: 24 | M70: 0.19 | N70: =IF(E70="",Data_Validation!$B$1,E70) -> 99.99 | O70: =IF(J70="",Data_Validation!$B$2,J70) -> 1.1 | P70: =COUNTIF($A$2:$A$5001,A70) -> 1 | Q70: =CustomerData[[#This Row],[avg_order_value_clean]]*CustomerData[[#This Row],[total_orders]] -> 799.92 | R70: =IF(G70<=30,"Active",IF(G70<=90,"At Risk","Inactive")) -> At Risk | S70: =IF(M70<0.2,"Low Risk",IF(M70<0.5,"Medium Risk","High Risk")) -> Low Risk | T70: =IF(B70<25,"Under 25",IF(B70<35,"25-34",IF(B70<45,"35-44",IF(B70<55,"45-54","55+")))) -> 55+ | U70: =TODAY()-K70 -> 1065 | V70: =IF(L70<40,"Low Loyalty",IF(L70<70,"Medium Loyalty","High Loyalty")) -> Low Loyalty | W70: =IF(H70=1,"Fraudulent","Legitimate") -> Legitimate | X70: =IF(Q70<Data_Validation!$B$8,"Low Value",IF(Q70<Data_Validation!$B$9,"Medium Value","High Value")) -> Low Value | Y70: =IF(AND(X70="High Value",S70="High Risk"),"Critical - Retain",IF(AND(X70="High Value",S70<>"High Risk"),"High Value - Maintain",IF(AND(X70<>"High Value",S70="High Risk"),"At Risk - Develop","Stable"))) -> Stable | Z70: =IF(OR(B70<18,F70<0,N70<0,O70<0,O70>1,M70<0,M70>1),"Check Data","Valid") -> Check Data
A71: CUST_1878 | B71: 72 | C71: Other | D71: Japan | E71: 101.05 | F71: 9 | G71: 228 | H71: 0 | I71: Beauty | J71: 73.5 | K71: 45197 | L71: 36 | M71: 0.22 | N71: =IF(E71="",Data_Validation!$B$1,E71) -> 101.05 | O71: =IF(J71="",Data_Validation!$B$2,J71) -> 73.5 | P71: =COUNTIF($A$2:$A$5001,A71) -> 1 | Q71: =CustomerData[[#This Row],[avg_order_value_clean]]*CustomerData[[#This Row],[total_orders]] -> 909.45 | R71: =IF(G71<=30,"Active",IF(G71<=90,"At Risk","Inactive")) -> Inactive | S71: =IF(M71<0.2,"Low Risk",IF(M71<0.5,"Medium Risk","High Risk")) -> Medium Risk | T71: =IF(B71<25,"Under 25",IF(B71<35,"25-34",IF(B71<45,"35-44",IF(B71<55,"45-54","55+")))) -> 55+ | U71: =TODAY()-K71 -> 1064 | V71: =IF(L71<40,"Low Loyalty",IF(L71<70,"Medium Loyalty","High Loyalty")) -> Low Loyalty | W71: =IF(H71=1,"Fraudulent","Legitimate") -> Legitimate | X71: =IF(Q71<Data_Validation!$B$8,"Low Value",IF(Q71<Data_Validation!$B$9,"Medium Value","High Value")) -> Low Value | Y71: =IF(AND(X71="High Value",S71="High Risk"),"Critical - Retain",IF(AND(X71="High Value",S71<>"High Risk"),"High Value - Maintain",IF(AND(X71<>"High Value",S71="High Risk"),"At Risk - Develop","Stable"))) -> Stable | Z71: =IF(OR(B71<18,F71<0,N71<0,O71<0,O71>1,M71<0,M71>1),"Check Data","Valid") -> Check Data
A72: CUST_5887 | B72: 52 | C72: Other | D72: China | E72: 84.6 | F72: 17 | G72: 26 | H72: 0 | I72: Fashion | J72: 80.8 | K72: 45206 | L72: 20 | M72: 0.25 | N72: =IF(E72="",Data_Validation!$B$1,E72) -> 84.6 | O72: =IF(J72="",Data_Validation!$B$2,J72) -> 80.8 | P72: =COUNTIF($A$2:$A$5001,A72) -> 2 | Q72: =CustomerData[[#This Row],[avg_order_value_clean]]*CustomerData[[#This Row],[total_orders]] -> 1438.2 | R72: =IF(G72<=30,"Active",IF(G72<=90,"At Risk","Inactive")) -> Active | S72: =IF(M72<0.2,"Low Risk",IF(M72<0.5,"Medium Risk","High Risk")) -> Medium Risk | T72: =IF(B72<25,"Under 25",IF(B72<35,"25-34",IF(B72<45,"35-44",IF(B72<55,"45-54","55+")))) -> 45-54 | U72: =TODAY()-K72 -> 1055 | V72: =IF(L72<40,"Low Loyalty",IF(L72<70,"Medium Loyalty","High Loyalty")) -> Low Loyalty | W72: =IF(H72=1,"Fraudulent","Legitimate") -> Legitimate | X72: =IF(Q72<Data_Validation!$B$8,"Low Value",IF(Q72<Data_Validation!$B$9,"Medium Value","High Value")) -> Low Value | Y72: =IF(AND(X72="High Value",S72="High Risk"),"Critical - Retain",IF(AND(X72="High Value",S72<>"High Risk"),"High Value - Maintain",IF(AND(X72<>"High Value",S72="High Risk"),"At Risk - Develop","Stable"))) -> Stable | Z72: =IF(OR(B72<18,F72<0,N72<0,O72<0,O72>1,M72<0,M72>1),"Check Data","Valid") -> Check Data
... A87: CUST_6618 | B87: 57 | C87: Male | D87: Canada | E87: 237.22 | F87: 11 | G87: 4 | H87: 0 | I87: Beauty | J87: 72.3 | K87: 44355 | L87: 15 | M87: 0.21 | N87: =IF(E87="",Data_Validation!$B$1,E87) -> 237.22 | O87: =IF(J87="",Data_Validation!$B$2,J87) -> 72.3 | P87: =COUNTIF($A$2:$A$5001,A87) -> 3 | Q87: =CustomerData[[#This Row],[avg_order_value_clean]]*CustomerData[[#This Row],[total_orders]] -> 2609.42 | R87: =IF(G87<=30,"Active",IF(G87<=90,"At Risk","Inactive")) -> Active | S87: =IF(M87<0.2,"Low Risk",IF(M87<0.5,"Medium Risk","High Risk")) -> Medium Risk | T87: =IF(B87<25,"Under 25",IF(B87<35,"25-34",IF(B87<45,"35-44",IF(B87<55,"45-54","55+")))) -> 55+ | U87: =TODAY()-K87 -> 1906 | V87: =IF(L87<40,"Low Loyalty",IF(L87<70,"Medium Loyalty","High Loyalty")) -> Low Loyalty | W87: =IF(H87=1,"Fraudulent","Legitimate") -> Legitimate | X87: =IF(Q87<Data_Validation!$B$8,"Low Value",IF(Q87<Data_Validation!$B$9,"Medium Value","High Value")) -> High Value | Y87: =IF(AND(X87="High Value",S87="High Risk"),"Critical - Retain",IF(AND(X87="High Value",S87<>"High Risk"),"High Value - Maintain",IF(AND(X87<>"High Value",S87="High Risk"),"At Risk - Develop","Stable"))) -> High Value - Maintain | Z87: =IF(OR(B87<18,F87<0,N87<0,O87<0,O87>1,M87<0,M87>1),"Check Data","Valid") -> Check Data
A88: CUST_7736 | B88: 68 | C88: Female | D88: China | E88: 76.59 | F88: 13 | G88: 325 | H88: 0 | I88: Beauty | K88: 44552 | L88: 19 | M88: 0.15 | N88: =IF(E88="",Data_Validation!$B$1,E88) -> 76.59 | O88: =IF(J88="",Data_Validation!$B$2,J88) -> 250 | P88: =COUNTIF($A$2:$A$5001,A88) -> 1 | Q88: =CustomerData[[#This Row],[avg_order_value_clean]]*CustomerData[[#This Row],[total_orders]] -> 995.67 | R88: =IF(G88<=30,"Active",IF(G88<=90,"At Risk","Inactive")) -> Inactive | S88: =IF(M88<0.2,"Low Risk",IF(M88<0.5,"Medium Risk","High Risk")) -> Low Risk | T88: =IF(B88<25,"Under 25",IF(B88<35,"25-34",IF(B88<45,"35-44",IF(B88<55,"45-54","55+")))) -> 55+ | U88: =TODAY()-K88 -> 1709 | V88: =IF(L88<40,"Low Loyalty",IF(L88<70,"Medium Loyalty","High Loyalty")) -> Low Loyalty | W88: =IF(H88=1,"Fraudulent","Legitimate") -> Legitimate | X88: =IF(Q88<Data_Validation!$B$8,"Low Value",IF(Q88<Data_Validation!$B$9,"Medium Value","High Value")) -> Low Value | Y88: =IF(AND(X88="High Value",S88="High Risk"),"Critical - Retain",IF(AND(X88="High Value",S88<>"High Risk"),"High Value - Maintain",IF(AND(X88<>"High Value",S88="High Risk"),"At Risk - Develop","Stable"))) -> Stable | Z88: =IF(OR(B88<18,F88<0,N88<0,O88<0,O88>1,M88<0,M88>1),"Check Data","Valid") -> Check Data
A89: CUST_1391 | B89: 25 | C89: Female | D89: Germany | E89: 120.73 | F89: 4 | G89: 185 | H89: 0 | I89: Sports | J89: 8.2 | K89: 45398 | L89: 73 | M89: 0.08 | N89: =IF(E89="",Data_Validation!$B$1,E89) -> 120.73 | O89: =IF(J89="",Data_Validation!$B$2,J89) -> 8.2 | P89: =COUNTIF($A$2:$A$5001,A89) -> 1 | Q89: =CustomerData[[#This Row],[avg_order_value_clean]]*CustomerData[[#This Row],[total_orders]] -> 482.92 | R89: =IF(G89<=30,"Active",IF(G89<=90,"At Risk","Inactive")) -> Inactive | S89: =IF(M89<0.2,"Low Risk",IF(M89<0.5,"Medium Risk","High Risk")) -> Low Risk | T89: =IF(B89<25,"Under 25",IF(B89<35,"25-34",IF(B89<45,"35-44",IF(B89<55,"45-54","55+")))) -> 25-34 | U89: =TODAY()-K89 -> 863 | V89: =IF(L89<40,"Low Loyalty",IF(L89<70,"Medium Loyalty","High Loyalty")) -> High Loyalty | W89: =IF(H89=1,"Fraudulent","Legitimate") -> Legitimate | X89: =IF(Q89<Data_Validation!$B$8,"Low Value",IF(Q89<Data_Validation!$B$9,"Medium Value","High Value")) -> Low Value | Y89: =IF(AND(X89="High Value",S89="High Risk"),"Critical - Retain",IF(AND(X89="High Value",S89<>"High Risk"),"High Value - Maintain",IF(AND(X89<>"High Value",S89="High Risk"),"At Risk - Develop","Stable"))) -> Stable | Z89: =IF(OR(B89<18,F89<0,N89<0,O89<0,O89>1,M89<0,M89>1),"Check Data","Valid") -> Check Data
A90: CUST_6892 | B90: 35 | C90: Female | D90: Germany | E90: 219.17 | F90: 8 | G90: 171 | H90: 0 | I90: Electronics | J90: 95.1 | K90: 44693 | L90: 59 | M90: 0.2 | N90: =IF(E90="",Data_Validation!$B$1,E90) -> 219.17 | O90: =IF(J90="",Data_Validation!$B$2,J90) -> 95.1 | P90: =COUNTIF($A$2:$A$5001,A90) -> 1 | Q90: =CustomerData[[#This Row],[avg_order_value_clean]]*CustomerData[[#This Row],[total_orders]] -> 1753.36 | R90: =IF(G90<=30,"Active",IF(G90<=90,"At Risk","Inactive")) -> Inactive | S90: =IF(M90<0.2,"Low Risk",IF(M90<0.5,"Medium Risk","High Risk")) -> Medium Risk | T90: =IF(B90<25,"Under 25",IF(B90<35,"25-34",IF(B90<45,"35-44",IF(B90<55,"45-54","55+")))) -> 35-44 | U90: =TODAY()-K90 -> 1568 | V90: =IF(L90<40,"Low Loyalty",IF(L90<70,"Medium Loyalty","High Loyalty")) -> Medium Loyalty | W90: =IF(H90=1,"Fraudulent","Legitimate") -> Legitimate | X90: =IF(Q90<Data_Validation!$B$8,"Low Value",IF(Q90<Data_Validation!$B$9,"Medium Value","High Value")) -> High Value | Y90: =IF(AND(X90="High Value",S90="High Risk"),"Critical - Retain",IF(AND(X90="High Value",S90<>"High Risk"),"High Value - Maintain",IF(AND(X90<>"High Value",S90="High Risk"),"At Risk - Develop","Stable"))) -> High Value - Maintain | Z90: =IF(OR(B90<18,F90<0,N90<0,O90<0,O90>1,M90<0,M90>1),"Check Data","Valid") -> Check Data
A91: CUST_4561 | B91: 45 | C91: Female | D91: Germany | E91: 76.65 | F91: 9 | G91: 198 | H91: 0 | I91: Home | J91: 88.8 | K91: 45408 | L91: 81 | M91: 0.27 | N91: =IF(E91="",Data_Validation!$B$1,E91) -> 76.65 | O91: =IF(J91="",Data_Validation!$B$2,J91) -> 88.8 | P91: =COUNTIF($A$2:$A$5001,A91) -> 3 | Q91: =CustomerData[[#This Row],[avg_order_value_clean]]*CustomerData[[#This Row],[total_orders]] -> 689.85 | R91: =IF(G91<=30,"Active",IF(G91<=90,"At Risk","Inactive")) -> Inactive | S91: =IF(M91<0.2,"Low Risk",IF(M91<0.5,"Medium Risk","High Risk")) -> Medium Risk | T91: =IF(B91<25,"Under 25",IF(B91<35,"25-34",IF(B91<45,"35-44",IF(B91<55,"45-54","55+")))) -> 45-54 | U91: =TODAY()-K91 -> 853 | V91: =IF(L91<40,"Low Loyalty",IF(L91<70,"Medium Loyalty","High Loyalty")) -> High Loyalty | W91: =IF(H91=1,"Fraudulent","Legitimate") -> Legitimate | X91: =IF(Q91<Data_Validation!$B$8,"Low Value",IF(Q91<Data_Validation!$B$9,"Medium Value","High Value")) -> Low Value | Y91: =IF(AND(X91="High Value",S91="High Risk"),"Critical - Retain",IF(AND(X91="High Value",S91<>"High Risk"),"High Value - Maintain",IF(AND(X91<>"High Value",S91="High Risk"),"At Risk - Develop","Stable"))) -> Stable | Z91: =IF(OR(B91<18,F91<0,N91<0,O91<0,O91>1,M91<0,M91>1),"Check Data","Valid") -> Check Data
A92: CUST_7184 | B92: 33 | C92: Male | D92: Australia | E92: 97.19 | F92: 7 | G92: 230 | H92: 0 | I92: Electronics | J92: 35.3 | K92: 44854 | L92: 96 | M92: 0.1 | N92: =IF(E92="",Data_Validation!$B$1,E92) -> 97.19 | O92: =IF(J92="",Data_Validation!$B$2,J92) -> 35.3 | P92: =COUNTIF($A$2:$A$5001,A92) -> 1 | Q92: =CustomerData[[#This Row],[avg_order_value_clean]]*CustomerData[[#This Row],[total_orders]] -> 680.33 | R92: =IF(G92<=30,"Active",IF(G92<=90,"At Risk","Inactive")) -> Inactive | S92: =IF(M92<0.2,"Low Risk",IF(M92<0.5,"Medium Risk","High Risk")) -> Low Risk | T92: =IF(B92<25,"Under 25",IF(B92<35,"25-34",IF(B92<45,"35-44",IF(B92<55,"45-54","55+")))) -> 25-34 | U92: =TODAY()-K92 -> 1407 | V92: =IF(L92<40,"Low Loyalty",IF(L92<70,"Medium Loyalty","High Loyalty")) -> High Loyalty | W92: =IF(H92=1,"Fraudulent","Legitimate") -> Legitimate | X92: =IF(Q92<Data_Validation!$B$8,"Low Value",IF(Q92<Data_Validation!$B$9,"Medium Value","High Value")) -> Low Value | Y92: =IF(AND(X92="High Value",S92="High Risk"),"Critical - Retain",IF(AND(X92="High Value",S92<>"High Risk"),"High Value - Maintain",IF(AND(X92<>"High Value",S92="High Risk"),"At Risk - Develop","Stable"))) -> Stable | Z92: =IF(OR(B92<18,F92<0,N92<0,O92<0,O92>1,M92<0,M92>1),"Check Data","Valid") -> Check Data
A93: CUST_4099 | B93: 69 | C93: Female | D93: France | E93: 19.7 | F93: 6 | G93: 287 | H93: 0 | I93: Fashion | J93: 24.6 | K93: 45643 | L93: 28 | M93: 0.12 | N93: =IF(E93="",Data_Validation!$B$1,E93) -> 19.7 | O93: =IF(J93="",Data_Validation!$B$2,J93) -> 24.6 | P93: =COUNTIF($A$2:$A$5001,A93) -> 1 | Q93: =CustomerData[[#This Row],[avg_order_value_clean]]*CustomerData[[#This Row],[total_orders]] -> 118.2 | R93: =IF(G93<=30,"Active",IF(G93<=90,"At Risk","Inactive")) -> Inactive | S93: =IF(M93<0.2,"Low Risk",IF(M93<0.5,"Medium Risk","High Risk")) -> Low Risk | T93: =IF(B93<25,"Under 25",IF(B93<35,"25-34",IF(B93<45,"35-44",IF(B93<55,"45-54","55+")))) -> 55+ | U93: =TODAY()-K93 -> 618 | V93: =IF(L93<40,"Low Loyalty",IF(L93<70,"Medium Loyalty","High Loyalty")) -> Low Loyalty | W93: =IF(H93=1,"Fraudulent","Legitimate") -> Legitimate | X93: =IF(Q93<Data_Validation!$B$8,"Low Value",IF(Q93<Data_Validation!$B$9,"Medium Value","High Value")) -> Low Value | Y93: =IF(AND(X93="High Value",S93="High Risk"),"Critical - Retain",IF(AND(X93="High Value",S93<>"High Risk"),"High Value - Maintain",IF(AND(X93<>"High Value",S93="High Risk"),"At Risk - Develop","Stable"))) -> Stable | Z93: =IF(OR(B93<18,F93<0,N93<0,O93<0,O93>1,M93<0,M93>1),"Check Data","Valid") -> Check Data
A94: CUST_7278 | B94: 36 | C94: Other | D94: China | E94: 92.98 | F94: 7 | G94: 334 | H94: 0 | I94: Fashion | J94: 62.8 | K94: 44058 | L94: 15 | M94: 0.04 | N94: =IF(E94="",Data_Validation!$B$1,E94) -> 92.98 | O94: =IF(J94="",Data_Validation!$B$2,J94) -> 62.8 | P94: =COUNTIF($A$2:$A$5001,A94) -> 1 | Q94: =CustomerData[[#This Row],[avg_order_value_clean]]*CustomerData[[#This Row],[total_orders]] -> 650.86 | R94: =IF(G94<=30,"Active",IF(G94<=90,"At Risk","Inactive")) -> Inactive | S94: =IF(M94<0.2,"Low Risk",IF(M94<0.5,"Medium Risk","High Risk")) -> Low Risk | T94: =IF(B94<25,"Under 25",IF(B94<35,"25-34",IF(B94<45,"35-44",IF(B94<55,"45-54","55+")))) -> 35-44 | U94: =TODAY()-K94 -> 2203 | V94: =IF(L94<40,"Low Loyalty",IF(L94<70,"Medium Loyalty","High Loyalty")) -> Low Loyalty | W94: =IF(H94=1,"Fraudulent","Legitimate") -> Legitimate | X94: =IF(Q94<Data_Validation!$B$8,"Low Value",IF(Q94<Data_Validation!$B$9,"Medium Value","High Value")) -> Low Value | Y94: =IF(AND(X94="High Value",S94="High Risk"),"Critical - Retain",IF(AND(X94="High Value",S94<>"High Risk"),"High Value - Maintain",IF(AND(X94<>"High Value",S94="High Risk"),"At Risk - Develop","Stable"))) -> Stable | Z94: =IF(OR(B94<18,F94<0,N94<0,O94<0,O94>1,M94<0,M94>1),"Check Data","Valid") -> Check Data
A95: CUST_9392 | B95: 59 | C95: Male | D95: India | E95: 60.96 | F95: 4 | G95: 114 | H95: 0 | I95: Home | J95: 4.3 | K95: 45515 | L95: 58 | M95: 0.33 | N95: =IF(E95="",Data_Validation!$B$1,E95) -> 60.96 | O95: =IF(J95="",Data_Validation!$B$2,J95) -> 4.3 | P95: =COUNTIF($A$2:$A$5001,A95) -> 2 | Q95: =CustomerData[[#This Row],[avg_order_value_clean]]*CustomerData[[#This Row],[total_orders]] -> 243.84 | R95: =IF(G95<=30,"Active",IF(G95<=90,"At Risk","Inactive")) -> Inactive | S95: =IF(M95<0.2,"Low Risk",IF(M95<0.5,"Medium Risk","High Risk")) -> Medium Risk | T95: =IF(B95<25,"Under 25",IF(B95<35,"25-34",IF(B95<45,"35-44",IF(B95<55,"45-54","55+")))) -> 55+ | U95: =TODAY()-K95 -> 746 | V95: =IF(L95<40,"Low Loyalty",IF(L95<70,"Medium Loyalty","High Loyalty")) -> Medium Loyalty | W95: =IF(H95=1,"Fraudulent","Legitimate") -> Legitimate | X95: =IF(Q95<Data_Validation!$B$8,"Low Value",IF(Q95<Data_Validation!$B$9,"Medium Value","High Value")) -> Low Value | Y95: =IF(AND(X95="High Value",S95="High Risk"),"Critical - Retain",IF(AND(X95="High Value",S95<>"High Risk"),"High Value - Maintain",IF(AND(X95<>"High Value",S95="High Risk"),"At Risk - Develop","Stable"))) -> Stable | Z95: =IF(OR(B95<18,F95<0,N95<0,O95<0,O95>1,M95<0,M95>1),"Check Data","Valid") -> Check Data
A96: CUST_4104 | B96: 34 | C96: Female | D96: China | E96: 61.71 | F96: 9 | G96: 332 | H96: 0 | I96: Beauty | J96: 49.6 | K96: 44950 | L96: 53 | M96: 0.13 | N96: =IF(E96="",Data_Validation!$B$1,E96) -> 61.71 | O96: =IF(J96="",Data_Validation!$B$2,J96) -> 49.6 | P96: =COUNTIF($A$2:$A$5001,A96) -> 2 | Q96: =CustomerData[[#This Row],[avg_order_value_clean]]*CustomerData[[#This Row],[total_orders]] -> 555.39 | R96: =IF(G96<=30,"Active",IF(G96<=90,"At Risk","Inactive")) -> Inactive | S96: =IF(M96<0.2,"Low Risk",IF(M96<0.5,"Medium Risk","High Risk")) -> Low Risk | T96: =IF(B96<25,"Under 25",IF(B96<35,"25-34",IF(B96<45,"35-44",IF(B96<55,"45-54","55+")))) -> 25-34 | U96: =TODAY()-K96 -> 1311 | V96: =IF(L96<40,"Low Loyalty",IF(L96<70,"Medium Loyalty","High Loyalty")) -> Medium Loyalty | W96: =IF(H96=1,"Fraudulent","Legitimate") -> Legitimate | X96: =IF(Q96<Data_Validation!$B$8,"Low Value",IF(Q96<Data_Validation!$B$9,"Medium Value","High Value")) -> Low Value | Y96: =IF(AND(X96="High Value",S96="High Risk"),"Critical - Retain",IF(AND(X96="High Value",S96<>"High Risk"),"High Value - Maintain",IF(AND(X96<>"High Value",S96="High Risk"),"At Risk - Develop","Stable"))) -> Stable | Z96: =IF(OR(B96<18,F96<0,N96<0,O96<0,O96>1,M96<0,M96>1),"Check Data","Valid") -> Check Data
A97: CUST_8215 | B97: 62 | C97: Male | D97: China | E97: 134 | F97: 12 | G97: 329 | H97: 0 | I97: Home | J97: 67.3 | K97: 44940 | L97: 42 | M97: 0.44 | N97: =IF(E97="",Data_Validation!$B$1,E97) -> 134 | O97: =IF(J97="",Data_Validation!$B$2,J97) -> 67.3 | P97: =COUNTIF($A$2:$A$5001,A97) -> 1 | Q97: =CustomerData[[#This Row],[avg_order_value_clean]]*CustomerData[[#This Row],[total_orders]] -> 1608 | R97: =IF(G97<=30,"Active",IF(G97<=90,"At Risk","Inactive")) -> Inactive | S97: =IF(M97<0.2,"Low Risk",IF(M97<0.5,"Medium Risk","High Risk")) -> Medium Risk | T97: =IF(B97<25,"Under 25",IF(B97<35,"25-34",IF(B97<45,"35-44",IF(B97<55,"45-54","55+")))) -> 55+ | U97: =TODAY()-K97 -> 1321 | V97: =IF(L97<40,"Low Loyalty",IF(L97<70,"Medium Loyalty","High Loyalty")) -> Medium Loyalty | W97: =IF(H97=1,"Fraudulent","Legitimate") -> Legitimate | X97: =IF(Q97<Data_Validation!$B$8,"Low Value",IF(Q97<Data_Validation!$B$9,"Medium Value","High Value")) -> High Value | Y97: =IF(AND(X97="High Value",S97="High Risk"),"Critical - Retain",IF(AND(X97="High Value",S97<>"High Risk"),"High Value - Maintain",IF(AND(X97<>"High Value",S97="High Risk"),"At Risk - Develop","Stable"))) -> High Value - Maintain | Z97: =IF(OR(B97<18,F97<0,N97<0,O97<0,O97>1,M97<0,M97>1),"Check Data","Valid") -> Check Data
A98: CUST_3454 | B98: 30 | C98: Male | D98: USA | E98: 204.04 | F98: 6 | G98: 312 | H98: 0 | I98: Sports | K98: 44252 | L98: 28 | M98: 0.21 | N98: =IF(E98="",Data_Validation!$B$1,E98) -> 204.04 | O98: =IF(J98="",Data_Validation!$B$2,J98) -> 250 | P98: =COUNTIF($A$2:$A$5001,A98) -> 3 | Q98: =CustomerData[[#This Row],[avg_order_value_clean]]*CustomerData[[#This Row],[total_orders]] -> 1224.24 | R98: =IF(G98<=30,"Active",IF(G98<=90,"At Risk","Inactive")) -> Inactive | S98: =IF(M98<0.2,"Low Risk",IF(M98<0.5,"Medium Risk","High Risk")) -> Medium Risk | T98: =IF(B98<25,"Under 25",IF(B98<35,"25-34",IF(B98<45,"35-44",IF(B98<55,"45-54","55+")))) -> 25-34 | U98: =TODAY()-K98 -> 2009 | V98: =IF(L98<40,"Low Loyalty",IF(L98<70,"Medium Loyalty","High Loyalty")) -> Low Loyalty | W98: =IF(H98=1,"Fraudulent","Legitimate") -> Legitimate | X98: =IF(Q98<Data_Validation!$B$8,"Low Value",IF(Q98<Data_Validation!$B$9,"Medium Value","High Value")) -> Low Value | Y98: =IF(AND(X98="High Value",S98="High Risk"),"Critical - Retain",IF(AND(X98="High Value",S98<>"High Risk"),"High Value - Maintain",IF(AND(X98<>"High Value",S98="High Risk"),"At Risk - Develop","Stable"))) -> Stable | Z98: =IF(OR(B98<18,F98<0,N98<0,O98<0,O98>1,M98<0,M98>1),"Check Data","Valid") -> Check Data
A99: CUST_9996 | B99: 24 | C99: Female | D99: France | E99: 62.08 | F99: 9 | G99: 10 | H99: 0 | I99: Beauty | J99: 97.2 | K99: 45246 | L99: 73 | M99: 0.41 | N99: =IF(E99="",Data_Validation!$B$1,E99) -> 62.08 | O99: =IF(J99="",Data_Validation!$B$2,J99) -> 97.2 | P99: =COUNTIF($A$2:$A$5001,A99) -> 3 | Q99: =CustomerData[[#This Row],[avg_order_value_clean]]*CustomerData[[#This Row],[total_orders]] -> 558.72 | R99: =IF(G99<=30,"Active",IF(G99<=90,"At Risk","Inactive")) -> Active | S99: =IF(M99<0.2,"Low Risk",IF(M99<0.5,"Medium Risk","High Risk")) -> Medium Risk | T99: =IF(B99<25,"Under 25",IF(B99<35,"25-34",IF(B99<45,"35-44",IF(B99<55,"45-54","55+")))) -> Under 25 | U99: =TODAY()-K99 -> 1015 | V99: =IF(L99<40,"Low Loyalty",IF(L99<70,"Medium Loyalty","High Loyalty")) -> High Loyalty | W99: =IF(H99=1,"Fraudulent","Legitimate") -> Legitimate | X99: =IF(Q99<Data_Validation!$B$8,"Low Value",IF(Q99<Data_Validation!$B$9,"Medium Value","High Value")) -> Low Value | Y99: =IF(AND(X99="High Value",S99="High Risk"),"Critical - Retain",IF(AND(X99="High Value",S99<>"High Risk"),"High Value - Maintain",IF(AND(X99<>"High Value",S99="High Risk"),"At Risk - Develop","Stable"))) -> Stable | Z99: =IF(OR(B99<18,F99<0,N99<0,O99<0,O99>1,M99<0,M99>1),"Check Data","Valid") -> Check Data
A100: CUST_3731 | B100: 44 | C100: Female | D100: Brazil | E100: 130.01 | F100: 9 | G100: 103 | H100: 0 | I100: Home | J100: 71.9 | K100: 44338 | L100: 91 | M100: 0.29 | N100: =IF(E100="",Data_Validation!$B$1,E100) -> 130.01 | O100: =IF(J100="",Data_Validation!$B$2,J100) -> 71.9 | P100: =COUNTIF($A$2:$A$5001,A100) -> 1 | Q100: =CustomerData[[#This Row],[avg_order_value_clean]]*CustomerData[[#This Row],[total_orders]] -> 1170.09 | R100: =IF(G100<=30,"Active",IF(G100<=90,"At Risk","Inactive")) -> Inactive | S100: =IF(M100<0.2,"Low Risk",IF(M100<0.5,"Medium Risk","High Risk")) -> Medium Risk | T100: =IF(B100<25,"Under 25",IF(B100<35,"25-34",IF(B100<45,"35-44",IF(B100<55,"45-54","55+")))) -> 35-44 | U100: =TODAY()-K100 -> 1923 | V100: =IF(L100<40,"Low Loyalty",IF(L100<70,"Medium Loyalty","High Loyalty")) -> High Loyalty | W100: =IF(H100=1,"Fraudulent","Legitimate") -> Legitimate | X100: =IF(Q100<Data_Validation!$B$8,"Low Value",IF(Q100<Data_Validation!$B$9,"Medium Value","High Value")) -> Low Value | Y100: =IF(AND(X100="High Value",S100="High Risk"),"Critical - Retain",IF(AND(X100="High Value",S100<>"High Risk"),"High Value - Maintain",IF(AND(X100<>"High Value",S100="High Risk"),"At Risk - Develop","Stable"))) -> Stable | Z100: =IF(OR(B100<18,F100<0,N100<0,O100<0,O100>1,M100<0,M100>1),"Check Data","Valid") -> Check Data
A101: CUST_9154 | B101: 27 | C101: Male | D101: France | E101: 23.25 | F101: 13 | G101: 174 | H101: 0 | I101: Home | J101: 93.4 | K101: 45460 | L101: 19 | M101: 0.59 | N101: =IF(E101="",Data_Validation!$B$1,E101) -> 23.25 | O101: =IF(J101="",Data_Validation!$B$2,J101) -> 93.4 | P101: =COUNTIF($A$2:$A$5001,A101) -> 1 | Q101: =CustomerData[[#This Row],[avg_order_value_clean]]*CustomerData[[#This Row],[total_orders]] -> 302.25 | R101: =IF(G101<=30,"Active",IF(G101<=90,"At Risk","Inactive")) -> Inactive | S101: =IF(M101<0.2,"Low Risk",IF(M101<0.5,"Medium Risk","High Risk")) -> High Risk | T101: =IF(B101<25,"Under 25",IF(B101<35,"25-34",IF(B101<45,"35-44",IF(B101<55,"45-54","55+")))) -> 25-34 | U101: =TODAY()-K101 -> 801 | V101: =IF(L101<40,"Low Loyalty",IF(L101<70,"Medium Loyalty","High Loyalty")) -> Low Loyalty | W101: =IF(H101=1,"Fraudulent","Legitimate") -> Legitimate | X101: =IF(Q101<Data_Validation!$B$8,"Low Value",IF(Q101<Data_Validation!$B$9,"Medium Value","High Value")) -> Low Value | Y101: =IF(AND(X101="High Value",S101="High Risk"),"Critical - Retain",IF(AND(X101="High Value",S101<>"High Risk"),"High Value - Maintain",IF(AND(X101<>"High Value",S101="High Risk"),"At Risk - Develop","Stable"))) -> At Risk - Develop | Z101: =IF(OR(B101<18,F101<0,N101<0,O101<0,O101>1,M101<0,M101>1),"Check Data","Valid") -> Check Data
A102: CUST_6056 | B102: 51 | C102: Female | D102: Brazil | E102: 26.76 | F102: 8 | G102: 119 | H102: 0 | I102: Sports | J102: 90.8 | K102: 44798 | L102: 71 | M102: 0.2 | N102: =IF(E102="",Data_Validation!$B$1,E102) -> 26.76 | O102: =IF(J102="",Data_Validation!$B$2,J102) -> 90.8 | P102: =COUNTIF($A$2:$A$5001,A102) -> 1 | Q102: =CustomerData[[#This Row],[avg_order_value_clean]]*CustomerData[[#This Row],[total_orders]] -> 214.08 | R102: =IF(G102<=30,"Active",IF(G102<=90,"At Risk","Inactive")) -> Inactive | S102: =IF(M102<0.2,"Low Risk",IF(M102<0.5,"Medium Risk","High Risk")) -> Medium Risk | T102: =IF(B102<25,"Under 25",IF(B102<35,"25-34",IF(B102<45,"35-44",IF(B102<55,"45-54","55+")))) -> 45-54 | U102: =TODAY()-K102 -> 1463 | V102: =IF(L102<40,"Low Loyalty",IF(L102<70,"Medium Loyalty","High Loyalty")) -> High Loyalty | W102: =IF(H102=1,"Fraudulent","Legitimate") -> Legitimate | X102: =IF(Q102<Data_Validation!$B$8,"Low Value",IF(Q102<Data_Validation!$B$9,"Medium Value","High Value")) -> Low Value | Y102: =IF(AND(X102="High Value",S102="High Risk"),"Critical - Retain",IF(AND(X102="High Value",S102<>"High Risk"),"High Value - Maintain",IF(AND(X102<>"High Value",S102="High Risk"),"At Risk - Develop","Stable"))) -> Stable | Z102: =IF(OR(B102<18,F102<0,N102<0,O102<0,O102>1,M102<0,M102>1),"Check Data","Valid") -> Check Data
A103: CUST_9110 | B103: 53 | C103: Female | D103: India | E103: 158.27 | F103: 9 | G103: 236 | H103: 0 | I103: Sports | K103: 45247 | L103: 89 | M103: 0.19 | N103: =IF(E103="",Data_Validation!$B$1,E103) -> 158.27 | O103: =IF(J103="",Data_Validation!$B$2,J103) -> 250 | P103: =COUNTIF($A$2:$A$5001,A103) -> 1 | Q103: =CustomerData[[#This Row],[avg_order_value_clean]]*CustomerData[[#This Row],[total_orders]] -> 1424.43 | R103: =IF(G103<=30,"Active",IF(G103<=90,"At Risk","Inactive")) -> Inactive | S103: =IF(M103<0.2,"Low Risk",IF(M103<0.5,"Medium Risk","High Risk")) -> Low Risk | T103: =IF(B103<25,"Under 25",IF(B103<35,"25-34",IF(B103<45,"35-44",IF(B103<55,"45-54","55+")))) -> 45-54 | U103: =TODAY()-K103 -> 1014 | V103: =IF(L103<40,"Low Loyalty",IF(L103<70,"Medium Loyalty","High Loyalty")) -> High Loyalty | W103: =IF(H103=1,"Fraudulent","Legitimate") -> Legitimate | X103: =IF(Q103<Data_Validation!$B$8,"Low Value",IF(Q103<Data_Validation!$B$9,"Medium Value","High Value")) -> Low Value | Y103: =IF(AND(X103="High Value",S103="High Risk"),"Critical - Retain",IF(AND(X103="High Value",S103<>"High Risk"),"High Value - Maintain",IF(AND(X103<>"High Value",S103="High Risk"),"At Risk - Develop","Stable"))) -> Stable | Z103: =IF(OR(B103<18,F103<0,N103<0,O103<0,O103>1,M103<0,M103>1),"Check Data","Valid") -> Check Data
A104: CUST_4840 | B104: 42 | C104: Other | D104: USA | E104: 41.29 | F104: 12 | G104: 235 | H104: 0 | I104: Electronics | J104: 66.9 | K104: 45220 | L104: 94 | M104: 0.22 | N104: =IF(E104="",Data_Validation!$B$1,E104) -> 41.29 | O104: =IF(J104="",Data_Validation!$B$2,J104) -> 66.9 | P104: =COUNTIF($A$2:$A$5001,A104) -> 1 | Q104: =CustomerData[[#This Row],[avg_order_value_clean]]*CustomerData[[#This Row],[total_orders]] -> 495.48 | R104: =IF(G104<=30,"Active",IF(G104<=90,"At Risk","Inactive")) -> Inactive | S104: =IF(M104<0.2,"Low Risk",IF(M104<0.5,"Medium Risk","High Risk")) -> Medium Risk | T104: =IF(B104<25,"Under 25",IF(B104<35,"25-34",IF(B104<45,"35-44",IF(B104<55,"45-54","55+")))) -> 35-44 | U104: =TODAY()-K104 -> 1041 | V104: =IF(L104<40,"Low Loyalty",IF(L104<70,"Medium Loyalty","High Loyalty")) -> High Loyalty | W104: =IF(H104=1,"Fraudulent","Legitimate") -> Legitimate | X104: =IF(Q104<Data_Validation!$B$8,"Low Value",IF(Q104<Data_Validation!$B$9,"Medium Value","High Value")) -> Low Value | Y104: =IF(AND(X104="High Value",S104="High Risk"),"Critical - Retain",IF(AND(X104="High Value",S104<>"High Risk"),"High Value - Maintain",IF(AND(X104<>"High Value",S104="High Risk"),"At Risk - Develop","Stable"))) -> Stable | Z104: =IF(OR(B104<18,F104<0,N104<0,O104<0,O104>1,M104<0,M104>1),"Check Data","Valid") -> Check Data
A105: CUST_2028 | B105: 23 | C105: Male | D105: Australia | E105: 68.94 | F105: 21 | G105: 304 | H105: 0 | I105: Fashion | J105: 59.7 | K105: 45342 | L105: 77 | M105: 0.17 | N105: =IF(E105="",Data_Validation!$B$1,E105) -> 68.94 | O105: =IF(J105="",Data_Validation!$B$2,J105) -> 59.7 | P105: =COUNTIF($A$2:$A$5001,A105) -> 1 | Q105: =CustomerData[[#This Row],[avg_order_value_clean]]*CustomerData[[#This Row],[total_orders]] -> 1447.74 | R105: =IF(G105<=30,"Active",IF(G105<=90,"At Risk","Inactive")) -> Inactive | S105: =IF(M105<0.2,"Low Risk",IF(M105<0.5,"Medium Risk","High Risk")) -> Low Risk | T105: =IF(B105<25,"Under 25",IF(B105<35,"25-34",IF(B105<45,"35-44",IF(B105<55,"45-54","55+")))) -> Under 25 | U105: =TODAY()-K105 -> 919 | V105: =IF(L105<40,"Low Loyalty",IF(L105<70,"Medium Loyalty","High Loyalty")) -> High Loyalty | W105: =IF(H105=1,"Fraudulent","Legitimate") -> Legitimate | X105: =IF(Q105<Data_Validation!$B$8,"Low Value",IF(Q105<Data_Validation!$B$9,"Medium Value","High Value")) -> Low Value | Y105: =IF(AND(X105="High Value",S105="High Risk"),"Critical - Retain",IF(AND(X105="High Value",S105<>"High Risk"),"High Value - Maintain",IF(AND(X105<>"High Value",S105="High Risk"),"At Risk - Develop","Stable"))) -> Stable | Z105: =IF(OR(B105<18,F105<0,N105<0,O105<0,O105>1,M105<0,M105>1),"Check Data","Valid") -> Check Data
A106: CUST_8385 | B106: 41 | C106: Other | D106: Germany | E106: 49.73 | F106: 5 | G106: 37 | H106: 0 | I106: Home | J106: 5.5 | K106: 44770 | L106: 2 | M106: 0.11 | N106: =IF(E106="",Data_Validation!$B$1,E106) -> 49.73 | O106: =IF(J106="",Data_Validation!$B$2,J106) -> 5.5 | P106: =COUNTIF($A$2:$A$5001,A106) -> 1 | Q106: =CustomerData[[#This Row],[avg_order_value_clean]]*CustomerData[[#This Row],[total_orders]] -> 248.65 | R106: =IF(G106<=30,"Active",IF(G106<=90,"At Risk","Inactive")) -> At Risk | S106: =IF(M106<0.2,"Low Risk",IF(M106<0.5,"Medium Risk","High Risk")) -> Low Risk | T106: =IF(B106<25,"Under 25",IF(B106<35,"25-34",IF(B106<45,"35-44",IF(B106<55,"45-54","55+")))) -> 35-44 | U106: =TODAY()-K106 -> 1491 | V106: =IF(L106<40,"Low Loyalty",IF(L106<70,"Medium Loyalty","High Loyalty")) -> Low Loyalty | W106: =IF(H106=1,"Fraudulent","Legitimate") -> Legitimate | X106: =IF(Q106<Data_Validation!$B$8,"Low Value",IF(Q106<Data_Validation!$B$9,"Medium Value","High Value")) -> Low Value | Y106: =IF(AND(X106="High Value",S106="High Risk"),"Critical - Retain",IF(AND(X106="High Value",S106<>"High Risk"),"High Value - Maintain",IF(AND(X106<>"High Value",S106="High Risk"),"At Risk - Develop","Stable"))) -> Stable | Z106: =IF(OR(B106<18,F106<0,N106<0,O106<0,O106>1,M106<0,M106>1),"Check Data","Valid") -> Check Data
A107: CUST_1502 | B107: 35 | C107: Male | D107: USA | E107: 55.27 | F107: 15 | G107: 271 | H107: 0 | I107: Electronics | J107: 31.8 | K107: 44739 | L107: 18 | M107: 0.12 | N107: =IF(E107="",Data_Validation!$B$1,E107) -> 55.27 | O107: =IF(J107="",Data_Validation!$B$2,J107) -> 31.8 | P107: =COUNTIF($A$2:$A$5001,A107) -> 1 | Q107: =CustomerData[[#This Row],[avg_order_value_clean]]*CustomerData[[#This Row],[total_orders]] -> 829.05 | R107: =IF(G107<=30,"Active",IF(G107<=90,"At Risk","Inactive")) -> Inactive | S107: =IF(M107<0.2,"Low Risk",IF(M107<0.5,"Medium Risk","High Risk")) -> Low Risk | T107: =IF(B107<25,"Under 25",IF(B107<35,"25-34",IF(B107<45,"35-44",IF(B107<55,"45-54","55+")))) -> 35-44 | U107: =TODAY()-K107 -> 1522 | V107: =IF(L107<40,"Low Loyalty",IF(L107<70,"Medium Loyalty","High Loyalty")) -> Low Loyalty | W107: =IF(H107=1,"Fraudulent","Legitimate") -> Legitimate | X107: =IF(Q107<Data_Validation!$B$8,"Low Value",IF(Q107<Data_Validation!$B$9,"Medium Value","High Value")) -> Low Value | Y107: =IF(AND(X107="High Value",S107="High Risk"),"Critical - Retain",IF(AND(X107="High Value",S107<>"High Risk"),"High Value - Maintain",IF(AND(X107<>"High Value",S107="High Risk"),"At Risk - Develop","Stable"))) -> Stable | Z107: =IF(OR(B107<18,F107<0,N107<0,O107<0,O107>1,M107<0,M107>1),"Check Data","Valid") -> Check Data
A108: CUST_7910 | B108: 40 | C108: Female | D108: Australia | E108: 134.3 | F108: 5 | G108: 343 | H108: 0 | I108: Beauty | J108: 53.5 | K108: 45723 | L108: 40 | M108: 0.28 | N108: =IF(E108="",Data_Validation!$B$1,E108) -> 134.3 | O108: =IF(J108="",Data_Validation!$B$2,J108) -> 53.5 | P108: =COUNTIF($A$2:$A$5001,A108) -> 2 | Q108: =CustomerData[[#This Row],[avg_order_value_clean]]*CustomerData[[#This Row],[total_orders]] -> 671.5 | R108: =IF(G108<=30,"Active",IF(G108<=90,"At Risk","Inactive")) -> Inactive | S108: =IF(M108<0.2,"Low Risk",IF(M108<0.5,"Medium Risk","High Risk")) -> Medium Risk | T108: =IF(B108<25,"Under 25",IF(B108<35,"25-34",IF(B108<45,"35-44",IF(B108<55,"45-54","55+")))) -> 35-44 | U108: =TODAY()-K108 -> 538 | V108: =IF(L108<40,"Low Loyalty",IF(L108<70,"Medium Loyalty","High Loyalty")) -> Medium Loyalty | W108: =IF(H108=1,"Fraudulent","Legitimate") -> Legitimate | X108: =IF(Q108<Data_Validation!$B$8,"Low Value",IF(Q108<Data_Validation!$B$9,"Medium Value","High Value")) -> Low Value | Y108: =IF(AND(X108="High Value",S108="High Risk"),"Critical - Retain",IF(AND(X108="High Value",S108<>"High Risk"),"High Value - Maintain",IF(AND(X108<>"High Value",S108="High Risk"),"At Risk - Develop","Stable"))) -> Stable | Z108: =IF(OR(B108<18,F108<0,N108<0,O108<0,O108>1,M108<0,M108>1),"Check Data","Valid") -> Check Data
A109: CUST_7938 | B109: 23 | C109: Male | D109: USA | E109: 98.85 | F109: 13 | G109: 250 | H109: 0 | I109: Beauty | J109: 54.8 | K109: 45817 | L109: 53 | M109: 0.12 | N109: =IF(E109="",Data_Validation!$B$1,E109) -> 98.85 | O109: =IF(J109="",Data_Validation!$B$2,J109) -> 54.8 | P109: =COUNTIF($A$2:$A$5001,A109) -> 3 | Q109: =CustomerData[[#This Row],[avg_order_value_clean]]*CustomerData[[#This Row],[total_orders]] -> 1285.05 | R109: =IF(G109<=30,"Active",IF(G109<=90,"At Risk","Inactive")) -> Inactive | S109: =IF(M109<0.2,"Low Risk",IF(M109<0.5,"Medium Risk","High Risk")) -> Low Risk | T109: =IF(B109<25,"Under 25",IF(B109<35,"25-34",IF(B109<45,"35-44",IF(B109<55,"45-54","55+")))) -> Under 25 | U109: =TODAY()-K109 -> 444 | V109: =IF(L109<40,"Low Loyalty",IF(L109<70,"Medium Loyalty","High Loyalty")) -> Medium Loyalty | W109: =IF(H109=1,"Fraudulent","Legitimate") -> Legitimate | X109: =IF(Q109<Data_Validation!$B$8,"Low Value",IF(Q109<Data_Validation!$B$9,"Medium Value","High Value")) -> Low Value | Y109: =IF(AND(X109="High Value",S109="High Risk"),"Critical - Retain",IF(AND(X109="High Value",S109<>"High Risk"),"High Value - Maintain",IF(AND(X109<>"High Value",S109="High Risk"),"At Risk - Develop","Stable"))) -> Stable | Z109: =IF(OR(B109<18,F109<0,N109<0,O109<0,O109>1,M109<0,M109>1),"Check Data","Valid") -> Check Data
A110: CUST_5488 | B110: 46 | C110: Male | D110: Australia | E110: 315.61 | F110: 9 | G110: 333 | H110: 0 | I110: Fashion | J110: 81.4 | K110: 45072 | L110: 8 | M110: 0.47 | N110: =IF(E110="",Data_Validation!$B$1,E110) -> 315.61 | O110: =IF(J110="",Data_Validation!$B$2,J110) -> 81.4 | P110: =COUNTIF($A$2:$A$5001,A110) -> 1 | Q110: =CustomerData[[#This Row],[avg_order_value_clean]]*CustomerData[[#This Row],[total_orders]] -> 2840.49 | R110: =IF(G110<=30,"Active",IF(G110<=90,"At Risk","Inactive")) -> Inactive | S110: =IF(M110<0.2,"Low Risk",IF(M110<0.5,"Medium Risk","High Risk")) -> Medium Risk | T110: =IF(B110<25,"Under 25",IF(B110<35,"25-34",IF(B110<45,"35-44",IF(B110<55,"45-54","55+")))) -> 45-54 | U110: =TODAY()-K110 -> 1189 | V110: =IF(L110<40,"Low Loyalty",IF(L110<70,"Medium Loyalty","High Loyalty")) -> Low Loyalty | W110: =IF(H110=1,"Fraudulent","Legitimate") -> Legitimate | X110: =IF(Q110<Data_Validation!$B$8,"Low Value",IF(Q110<Data_Validation!$B$9,"Medium Value","High Value")) -> High Value | Y110: =IF(AND(X110="High Value",S110="High Risk"),"Critical - Retain",IF(AND(X110="High Value",S110<>"High Risk"),"High Value - Maintain",IF(AND(X110<>"High Value",S110="High Risk"),"At Risk - Develop","Stable"))) -> High Value - Maintain | Z110: =IF(OR(B110<18,F110<0,N110<0,O110<0,O110>1,M110<0,M110>1),"Check Data","Valid") -> Check Data
A111: CUST_1206 | B111: 79 | C111: Female | D111: USA | E111: 133.8 | F111: 10 | G111: 26 | H111: 0 | I111: Beauty | J111: 58.8 | K111: 45461 | L111: 84 | M111: 0.22 | N111: =IF(E111="",Data_Validation!$B$1,E111) -> 133.8 | O111: =IF(J111="",Data_Validation!$B$2,J111) -> 58.8 | P111: =COUNTIF($A$2:$A$5001,A111) -> 2 | Q111: =CustomerData[[#This Row],[avg_order_value_clean]]*CustomerData[[#This Row],[total_orders]] -> 1338 | R111: =IF(G111<=30,"Active",IF(G111<=90,"At Risk","Inactive")) -> Active | S111: =IF(M111<0.2,"Low Risk",IF(M111<0.5,"Medium Risk","High Risk")) -> Medium Risk | T111: =IF(B111<25,"Under 25",IF(B111<35,"25-34",IF(B111<45,"35-44",IF(B111<55,"45-54","55+")))) -> 55+ | U111: =TODAY()-K111 -> 800 | V111: =IF(L111<40,"Low Loyalty",IF(L111<70,"Medium Loyalty","High Loyalty")) -> High Loyalty | W111: =IF(H111=1,"Fraudulent","Legitimate") -> Legitimate | X111: =IF(Q111<Data_Validation!$B$8,"Low Value",IF(Q111<Data_Validation!$B$9,"Medium Value","High Value")) -> Low Value | Y111: =IF(AND(X111="High Value",S111="High Risk"),"Critical - Retain",IF(AND(X111="High Value",S111<>"High Risk"),"High Value - Maintain",IF(AND(X111<>"High Value",S111="High Risk"),"At Risk - Develop","Stable"))) -> Stable | Z111: =IF(OR(B111<18,F111<0,N111<0,O111<0,O111>1,M111<0,M111>1),"Check Data","Valid") -> Check Data
A112: CUST_6134 | B112: 42 | C112: Male | D112: France | E112: 78.32 | F112: 5 | G112: 329 | H112: 0 | I112: Fashion | J112: 46.7 | K112: 45613 | L112: 9 | M112: 0.47 | N112: =IF(E112="",Data_Validation!$B$1,E112) -> 78.32 | O112: =IF(J112="",Data_Validation!$B$2,J112) -> 46.7 | P112: =COUNTIF($A$2:$A$5001,A112) -> 1 | Q112: =CustomerData[[#This Row],[avg_order_value_clean]]*CustomerData[[#This Row],[total_orders]] -> 391.6 | R112: =IF(G112<=30,"Active",IF(G112<=90,"At Risk","Inactive")) -> Inactive | S112: =IF(M112<0.2,"Low Risk",IF(M112<0.5,"Medium Risk","High Risk")) -> Medium Risk | T112: =IF(B112<25,"Under 25",IF(B112<35,"25-34",IF(B112<45,"35-44",IF(B112<55,"45-54","55+")))) -> 35-44 | U112: =TODAY()-K112 -> 648 | V112: =IF(L112<40,"Low Loyalty",IF(L112<70,"Medium Loyalty","High Loyalty")) -> Low Loyalty | W112: =IF(H112=1,"Fraudulent","Legitimate") -> Legitimate | X112: =IF(Q112<Data_Validation!$B$8,"Low Value",IF(Q112<Data_Validation!$B$9,"Medium Value","High Value")) -> Low Value | Y112: =IF(AND(X112="High Value",S112="High Risk"),"Critical - Retain",IF(AND(X112="High Value",S112<>"High Risk"),"High Value - Maintain",IF(AND(X112<>"High Value",S112="High Risk"),"At Risk - Develop","Stable"))) -> Stable | Z112: =IF(OR(B112<18,F112<0,N112<0,O112<0,O112>1,M112<0,M112>1),"Check Data","Valid") -> Check Data
A113: CUST_6977 | B113: 72 | C113: Male | D113: France | E113: 98.36 | F113: 12 | G113: 122 | H113: 0 | I113: Beauty | J113: 75.2 | K113: 45150 | L113: 77 | M113: 0.36 | N113: =IF(E113="",Data_Validation!$B$1,E113) -> 98.36 | O113: =IF(J113="",Data_Validation!$B$2,J113) -> 75.2 | P113: =COUNTIF($A$2:$A$5001,A113) -> 2 | Q113: =CustomerData[[#This Row],[avg_order_value_clean]]*CustomerData[[#This Row],[total_orders]] -> 1180.32 | R113: =IF(G113<=30,"Active",IF(G113<=90,"At Risk","Inactive")) -> Inactive | S113: =IF(M113<0.2,"Low Risk",IF(M113<0.5,"Medium Risk","High Risk")) -> Medium Risk | T113: =IF(B113<25,"Under 25",IF(B113<35,"25-34",IF(B113<45,"35-44",IF(B113<55,"45-54","55+")))) -> 55+ | U113: =TODAY()-K113 -> 1111 | V113: =IF(L113<40,"Low Loyalty",IF(L113<70,"Medium Loyalty","High Loyalty")) -> High Loyalty | W113: =IF(H113=1,"Fraudulent","Legitimate") -> Legitimate | X113: =IF(Q113<Data_Validation!$B$8,"Low Value",IF(Q113<Data_Validation!$B$9,"Medium Value","High Value")) -> Low Value | Y113: =IF(AND(X113="High Value",S113="High Risk"),"Critical - Retain",IF(AND(X113="High Value",S113<>"High Risk"),"High Value - Maintain",IF(AND(X113<>"High Value",S113="High Risk"),"At Risk - Develop","Stable"))) -> Stable | Z113: =IF(OR(B113<18,F113<0,N113<0,O113<0,O113>1,M113<0,M113>1),"Check Data","Valid") -> Check Data
A114: CUST_8721 | B114: 34 | C114: Male | D114: France | E114: 86.75 | F114: 15 | G114: 155 | H114: 0 | I114: Beauty | J114: 57.1 | K114: 44759 | L114: 21 | M114: 0.12 | N114: =IF(E114="",Data_Validation!$B$1,E114) -> 86.75 | O114: =IF(J114="",Data_Validation!$B$2,J114) -> 57.1 | P114: =COUNTIF($A$2:$A$5001,A114) -> 1 | Q114: =CustomerData[[#This Row],[avg_order_value_clean]]*CustomerData[[#This Row],[total_orders]] -> 1301.25 | R114: =IF(G114<=30,"Active",IF(G114<=90,"At Risk","Inactive")) -> Inactive | S114: =IF(M114<0.2,"Low Risk",IF(M114<0.5,"Medium Risk","High Risk")) -> Low Risk | T114: =IF(B114<25,"Under 25",IF(B114<35,"25-34",IF(B114<45,"35-44",IF(B114<55,"45-54","55+")))) -> 25-34 | U114: =TODAY()-K114 -> 1502 | V114: =IF(L114<40,"Low Loyalty",IF(L114<70,"Medium Loyalty","High Loyalty")) -> Low Loyalty | W114: =IF(H114=1,"Fraudulent","Legitimate") -> Legitimate | X114: =IF(Q114<Data_Validation!$B$8,"Low Value",IF(Q114<Data_Validation!$B$9,"Medium Value","High Value")) -> Low Value | Y114: =IF(AND(X114="High Value",S114="High Risk"),"Critical - Retain",IF(AND(X114="High Value",S114<>"High Risk"),"High Value - Maintain",IF(AND(X114<>"High Value",S114="High Risk"),"At Risk - Develop","Stable"))) -> Stable | Z114: =IF(OR(B114<18,F114<0,N114<0,O114<0,O114>1,M114<0,M114>1),"Check Data","Valid") -> Check Data
A115: CUST_8035 | B115: 63 | C115: Female | D115: Germany | E115: 208.18 | F115: 7 | G115: 216 | H115: 0 | I115: Home | J115: 88.4 | K115: 44185 | L115: 92 | M115: 0.4 | N115: =IF(E115="",Data_Validation!$B$1,E115) -> 208.18 | O115: =IF(J115="",Data_Validation!$B$2,J115) -> 88.4 | P115: =COUNTIF($A$2:$A$5001,A115) -> 1 | Q115: =CustomerData[[#This Row],[avg_order_value_clean]]*CustomerData[[#This Row],[total_orders]] -> 1457.26 | R115: =IF(G115<=30,"Active",IF(G115<=90,"At Risk","Inactive")) -> Inactive | S115: =IF(M115<0.2,"Low Risk",IF(M115<0.5,"Medium Risk","High Risk")) -> Medium Risk | T115: =IF(B115<25,"Under 25",IF(B115<35,"25-34",IF(B115<45,"35-44",IF(B115<55,"45-54","55+")))) -> 55+ | U115: =TODAY()-K115 -> 2076 | V115: =IF(L115<40,"Low Loyalty",IF(L115<70,"Medium Loyalty","High Loyalty")) -> High Loyalty | W115: =IF(H115=1,"Fraudulent","Legitimate") -> Legitimate | X115: =IF(Q115<Data_Validation!$B$8,"Low Value",IF(Q115<Data_Validation!$B$9,"Medium Value","High Value")) -> Low Value | Y115: =IF(AND(X115="High Value",S115="High Risk"),"Critical - Retain",IF(AND(X115="High Value",S115<>"High Risk"),"High Value - Maintain",IF(AND(X115<>"High Value",S115="High Risk"),"At Risk - Develop","Stable"))) -> Stable | Z115: =IF(OR(B115<18,F115<0,N115<0,O115<0,O115>1,M115<0,M115>1),"Check Data","Valid") -> Check Data
... A137: CUST_6450 | B137: 25 | C137: Male | D137: Germany | E137: 50.74 | F137: 13 | G137: 156 | H137: 0 | I137: Fashion | J137: 75.4 | K137: 44360 | L137: 63 | M137: 0.1 | N137: =IF(E137="",Data_Validation!$B$1,E137) -> 50.74 | O137: =IF(J137="",Data_Validation!$B$2,J137) -> 75.4 | P137: =COUNTIF($A$2:$A$5001,A137) -> 3 | Q137: =CustomerData[[#This Row],[avg_order_value_clean]]*CustomerData[[#This Row],[total_orders]] -> 659.62 | R137: =IF(G137<=30,"Active",IF(G137<=90,"At Risk","Inactive")) -> Inactive | S137: =IF(M137<0.2,"Low Risk",IF(M137<0.5,"Medium Risk","High Risk")) -> Low Risk | T137: =IF(B137<25,"Under 25",IF(B137<35,"25-34",IF(B137<45,"35-44",IF(B137<55,"45-54","55+")))) -> 25-34 | U137: =TODAY()-K137 -> 1901 | V137: =IF(L137<40,"Low Loyalty",IF(L137<70,"Medium Loyalty","High Loyalty")) -> Medium Loyalty | W137: =IF(H137=1,"Fraudulent","Legitimate") -> Legitimate | X137: =IF(Q137<Data_Validation!$B$8,"Low Value",IF(Q137<Data_Validation!$B$9,"Medium Value","High Value")) -> Low Value | Y137: =IF(AND(X137="High Value",S137="High Risk"),"Critical - Retain",IF(AND(X137="High Value",S137<>"High Risk"),"High Value - Maintain",IF(AND(X137<>"High Value",S137="High Risk"),"At Risk - Develop","Stable"))) -> Stable | Z137: =IF(OR(B137<18,F137<0,N137<0,O137<0,O137>1,M137<0,M137>1),"Check Data","Valid") -> Check Data
A138: CUST_2663 | B138: 68 | C138: Female | D138: Australia | F138: 11 | G138: 254 | H138: 0 | I138: Home | J138: 61 | K138: 45317 | L138: 56 | M138: 0.17 | N138: =IF(E138="",Data_Validation!$B$1,E138) -> 250 | O138: =IF(J138="",Data_Validation!$B$2,J138) -> 61 | P138: =COUNTIF($A$2:$A$5001,A138) -> 1 | Q138: =CustomerData[[#This Row],[avg_order_value_clean]]*CustomerData[[#This Row],[total_orders]] -> 2750 | R138: =IF(G138<=30,"Active",IF(G138<=90,"At Risk","Inactive")) -> Inactive | S138: =IF(M138<0.2,"Low Risk",IF(M138<0.5,"Medium Risk","High Risk")) -> Low Risk | T138: =IF(B138<25,"Under 25",IF(B138<35,"25-34",IF(B138<45,"35-44",IF(B138<55,"45-54","55+")))) -> 55+ | U138: =TODAY()-K138 -> 944 | V138: =IF(L138<40,"Low Loyalty",IF(L138<70,"Medium Loyalty","High Loyalty")) -> Medium Loyalty | W138: =IF(H138=1,"Fraudulent","Legitimate") -> Legitimate | X138: =IF(Q138<Data_Validation!$B$8,"Low Value",IF(Q138<Data_Validation!$B$9,"Medium Value","High Value")) -> High Value | Y138: =IF(AND(X138="High Value",S138="High Risk"),"Critical - Retain",IF(AND(X138="High Value",S138<>"High Risk"),"High Value - Maintain",IF(AND(X138<>"High Value",S138="High Risk"),"At Risk - Develop","Stable"))) -> High Value - Maintain | Z138: =IF(OR(B138<18,F138<0,N138<0,O138<0,O138>1,M138<0,M138>1),"Check Data","Valid") -> Check Data
A139: CUST_6592 | B139: 37 | C139: Female | D139: France | E139: 98.89 | F139: 11 | G139: 180 | H139: 0 | I139: Home | J139: 22.1 | K139: 44313 | L139: 46 | M139: 0.18 | N139: =IF(E139="",Data_Validation!$B$1,E139) -> 98.89 | O139: =IF(J139="",Data_Validation!$B$2,J139) -> 22.1 | P139: =COUNTIF($A$2:$A$5001,A139) -> 4 | Q139: =CustomerData[[#This Row],[avg_order_value_clean]]*CustomerData[[#This Row],[total_orders]] -> 1087.79 | R139: =IF(G139<=30,"Active",IF(G139<=90,"At Risk","Inactive")) -> Inactive | S139: =IF(M139<0.2,"Low Risk",IF(M139<0.5,"Medium Risk","High Risk")) -> Low Risk | T139: =IF(B139<25,"Under 25",IF(B139<35,"25-34",IF(B139<45,"35-44",IF(B139<55,"45-54","55+")))) -> 35-44 | U139: =TODAY()-K139 -> 1948 | V139: =IF(L139<40,"Low Loyalty",IF(L139<70,"Medium Loyalty","High Loyalty")) -> Medium Loyalty | W139: =IF(H139=1,"Fraudulent","Legitimate") -> Legitimate | X139: =IF(Q139<Data_Validation!$B$8,"Low Value",IF(Q139<Data_Validation!$B$9,"Medium Value","High Value")) -> Low Value | Y139: =IF(AND(X139="High Value",S139="High Risk"),"Critical - Retain",IF(AND(X139="High Value",S139<>"High Risk"),"High Value - Maintain",IF(AND(X139<>"High Value",S139="High Risk"),"At Risk - Develop","Stable"))) -> Stable | Z139: =IF(OR(B139<18,F139<0,N139<0,O139<0,O139>1,M139<0,M139>1),"Check Data","Valid") -> Check Data
A140: CUST_8392 | B140: 65 | C140: Male | D140: Germany | E140: 230.71 | F140: 8 | G140: 340 | H140: 0 | I140: Sports | J140: 39.9 | K140: 45307 | L140: 63 | M140: 0.45 | N140: =IF(E140="",Data_Validation!$B$1,E140) -> 230.71 | O140: =IF(J140="",Data_Validation!$B$2,J140) -> 39.9 | P140: =COUNTIF($A$2:$A$5001,A140) -> 3 | Q140: =CustomerData[[#This Row],[avg_order_value_clean]]*CustomerData[[#This Row],[total_orders]] -> 1845.68 | R140: =IF(G140<=30,"Active",IF(G140<=90,"At Risk","Inactive")) -> Inactive | S140: =IF(M140<0.2,"Low Risk",IF(M140<0.5,"Medium Risk","High Risk")) -> Medium Risk | T140: =IF(B140<25,"Under 25",IF(B140<35,"25-34",IF(B140<45,"35-44",IF(B140<55,"45-54","55+")))) -> 55+ | U140: =TODAY()-K140 -> 954 | V140: =IF(L140<40,"Low Loyalty",IF(L140<70,"Medium Loyalty","High Loyalty")) -> Medium Loyalty | W140: =IF(H140=1,"Fraudulent","Legitimate") -> Legitimate | X140: =IF(Q140<Data_Validation!$B$8,"Low Value",IF(Q140<Data_Validation!$B$9,"Medium Value","High Value")) -> High Value | Y140: =IF(AND(X140="High Value",S140="High Risk"),"Critical - Retain",IF(AND(X140="High Value",S140<>"High Risk"),"High Value - Maintain",IF(AND(X140<>"High Value",S140="High Risk"),"At Risk - Develop","Stable"))) -> High Value - Maintain | Z140: =IF(OR(B140<18,F140<0,N140<0,O140<0,O140>1,M140<0,M140>1),"Check Data","Valid") -> Check Data
A141: CUST_2306 | B141: 49 | C141: Other | D141: USA | E141: 61.83 | F141: 6 | G141: 218 | H141: 0 | I141: Electronics | J141: 71.8 | K141: 44659 | L141: 8 | M141: 0.29 | N141: =IF(E141="",Data_Validation!$B$1,E141) -> 61.83 | O141: =IF(J141="",Data_Validation!$B$2,J141) -> 71.8 | P141: =COUNTIF($A$2:$A$5001,A141) -> 2 | Q141: =CustomerData[[#This Row],[avg_order_value_clean]]*CustomerData[[#This Row],[total_orders]] -> 370.98 | R141: =IF(G141<=30,"Active",IF(G141<=90,"At Risk","Inactive")) -> Inactive | S141: =IF(M141<0.2,"Low Risk",IF(M141<0.5,"Medium Risk","High Risk")) -> Medium Risk | T141: =IF(B141<25,"Under 25",IF(B141<35,"25-34",IF(B141<45,"35-44",IF(B141<55,"45-54","55+")))) -> 45-54 | U141: =TODAY()-K141 -> 1602 | V141: =IF(L141<40,"Low Loyalty",IF(L141<70,"Medium Loyalty","High Loyalty")) -> Low Loyalty | W141: =IF(H141=1,"Fraudulent","Legitimate") -> Legitimate | X141: =IF(Q141<Data_Validation!$B$8,"Low Value",IF(Q141<Data_Validation!$B$9,"Medium Value","High Value")) -> Low Value | Y141: =IF(AND(X141="High Value",S141="High Risk"),"Critical - Retain",IF(AND(X141="High Value",S141<>"High Risk"),"High Value - Maintain",IF(AND(X141<>"High Value",S141="High Risk"),"At Risk - Develop","Stable"))) -> Stable | Z141: =IF(OR(B141<18,F141<0,N141<0,O141<0,O141>1,M141<0,M141>1),"Check Data","Valid") -> Check Data
A142: CUST_7776 | B142: 39 | C142: Female | D142: USA | E142: 53.62 | F142: 9 | G142: 27 | H142: 0 | I142: Sports | J142: 68 | K142: 45372 | L142: 55 | M142: 0.19 | N142: =IF(E142="",Data_Validation!$B$1,E142) -> 53.62 | O142: =IF(J142="",Data_Validation!$B$2,J142) -> 68 | P142: =COUNTIF($A$2:$A$5001,A142) -> 1 | Q142: =CustomerData[[#This Row],[avg_order_value_clean]]*CustomerData[[#This Row],[total_orders]] -> 482.58 | R142: =IF(G142<=30,"Active",IF(G142<=90,"At Risk","Inactive")) -> Active | S142: =IF(M142<0.2,"Low Risk",IF(M142<0.5,"Medium Risk","High Risk")) -> Low Risk | T142: =IF(B142<25,"Under 25",IF(B142<35,"25-34",IF(B142<45,"35-44",IF(B142<55,"45-54","55+")))) -> 35-44 | U142: =TODAY()-K142 -> 889 | V142: =IF(L142<40,"Low Loyalty",IF(L142<70,"Medium Loyalty","High Loyalty")) -> Medium Loyalty | W142: =IF(H142=1,"Fraudulent","Legitimate") -> Legitimate | X142: =IF(Q142<Data_Validation!$B$8,"Low Value",IF(Q142<Data_Validation!$B$9,"Medium Value","High Value")) -> Low Value | Y142: =IF(AND(X142="High Value",S142="High Risk"),"Critical - Retain",IF(AND(X142="High Value",S142<>"High Risk"),"High Value - Maintain",IF(AND(X142<>"High Value",S142="High Risk"),"At Risk - Develop","Stable"))) -> Stable | Z142: =IF(OR(B142<18,F142<0,N142<0,O142<0,O142>1,M142<0,M142>1),"Check Data","Valid") -> Check Data
A143: CUST_6864 | B143: 76 | C143: Female | D143: Canada | E143: 83.46 | F143: 15 | G143: 150 | H143: 0 | I143: Electronics | J143: 56.2 | K143: 45760 | L143: 43 | M143: 0.18 | N143: =IF(E143="",Data_Validation!$B$1,E143) -> 83.46 | O143: =IF(J143="",Data_Validation!$B$2,J143) -> 56.2 | P143: =COUNTIF($A$2:$A$5001,A143) -> 1 | Q143: =CustomerData[[#This Row],[avg_order_value_clean]]*CustomerData[[#This Row],[total_orders]] -> 1251.9 | R143: =IF(G143<=30,"Active",IF(G143<=90,"At Risk","Inactive")) -> Inactive | S143: =IF(M143<0.2,"Low Risk",IF(M143<0.5,"Medium Risk","High Risk")) -> Low Risk | T143: =IF(B143<25,"Under 25",IF(B143<35,"25-34",IF(B143<45,"35-44",IF(B143<55,"45-54","55+")))) -> 55+ | U143: =TODAY()-K143 -> 501 | V143: =IF(L143<40,"Low Loyalty",IF(L143<70,"Medium Loyalty","High Loyalty")) -> Medium Loyalty | W143: =IF(H143=1,"Fraudulent","Legitimate") -> Legitimate | X143: =IF(Q143<Data_Validation!$B$8,"Low Value",IF(Q143<Data_Validation!$B$9,"Medium Value","High Value")) -> Low Value | Y143: =IF(AND(X143="High Value",S143="High Risk"),"Critical - Retain",IF(AND(X143="High Value",S143<>"High Risk"),"High Value - Maintain",IF(AND(X143<>"High Value",S143="High Risk"),"At Risk - Develop","Stable"))) -> Stable | Z143: =IF(OR(B143<18,F143<0,N143<0,O143<0,O143>1,M143<0,M143>1),"Check Data","Valid") -> Check Data
A144: CUST_8526 | B144: 24 | C144: Male | D144: Japan | E144: 97.4 | F144: 7 | G144: 358 | H144: 0 | I144: Sports | J144: 97.9 | K144: 44112 | L144: 90 | M144: 0.41 | N144: =IF(E144="",Data_Validation!$B$1,E144) -> 97.4 | O144: =IF(J144="",Data_Validation!$B$2,J144) -> 97.9 | P144: =COUNTIF($A$2:$A$5001,A144) -> 1 | Q144: =CustomerData[[#This Row],[avg_order_value_clean]]*CustomerData[[#This Row],[total_orders]] -> 681.8 | R144: =IF(G144<=30,"Active",IF(G144<=90,"At Risk","Inactive")) -> Inactive | S144: =IF(M144<0.2,"Low Risk",IF(M144<0.5,"Medium Risk","High Risk")) -> Medium Risk | T144: =IF(B144<25,"Under 25",IF(B144<35,"25-34",IF(B144<45,"35-44",IF(B144<55,"45-54","55+")))) -> Under 25 | U144: =TODAY()-K144 -> 2149 | V144: =IF(L144<40,"Low Loyalty",IF(L144<70,"Medium Loyalty","High Loyalty")) -> High Loyalty | W144: =IF(H144=1,"Fraudulent","Legitimate") -> Legitimate | X144: =IF(Q144<Data_Validation!$B$8,"Low Value",IF(Q144<Data_Validation!$B$9,"Medium Value","High Value")) -> Low Value | Y144: =IF(AND(X144="High Value",S144="High Risk"),"Critical - Retain",IF(AND(X144="High Value",S144<>"High Risk"),"High Value - Maintain",IF(AND(X144<>"High Value",S144="High Risk"),"At Risk - Develop","Stable"))) -> Stable | Z144: =IF(OR(B144<18,F144<0,N144<0,O144<0,O144>1,M144<0,M144>1),"Check Data","Valid") -> Check Data
A145: CUST_9901 | B145: 26 | C145: Male | D145: USA | E145: 54.65 | F145: 9 | G145: 99 | H145: 0 | I145: Electronics | J145: 13.2 | K145: 44169 | L145: 23 | M145: 0.32 | N145: =IF(E145="",Data_Validation!$B$1,E145) -> 54.65 | O145: =IF(J145="",Data_Validation!$B$2,J145) -> 13.2 | P145: =COUNTIF($A$2:$A$5001,A145) -> 3 | Q145: =CustomerData[[#This Row],[avg_order_value_clean]]*CustomerData[[#This Row],[total_orders]] -> 491.85 | R145: =IF(G145<=30,"Active",IF(G145<=90,"At Risk","Inactive")) -> Inactive | S145: =IF(M145<0.2,"Low Risk",IF(M145<0.5,"Medium Risk","High Risk")) -> Medium Risk | T145: =IF(B145<25,"Under 25",IF(B145<35,"25-34",IF(B145<45,"35-44",IF(B145<55,"45-54","55+")))) -> 25-34 | U145: =TODAY()-K145 -> 2092 | V145: =IF(L145<40,"Low Loyalty",IF(L145<70,"Medium Loyalty","High Loyalty")) -> Low Loyalty | W145: =IF(H145=1,"Fraudulent","Legitimate") -> Legitimate | X145: =IF(Q145<Data_Validation!$B$8,"Low Value",IF(Q145<Data_Validation!$B$9,"Medium Value","High Value")) -> Low Value | Y145: =IF(AND(X145="High Value",S145="High Risk"),"Critical - Retain",IF(AND(X145="High Value",S145<>"High Risk"),"High Value - Maintain",IF(AND(X145<>"High Value",S145="High Risk"),"At Risk - Develop","Stable"))) -> Stable | Z145: =IF(OR(B145<18,F145<0,N145<0,O145<0,O145>1,M145<0,M145>1),"Check Data","Valid") -> Check Data
A146: CUST_6575 | B146: 62 | C146: Female | D146: Brazil | E146: 134.02 | F146: 7 | G146: 2 | H146: 1 | I146: Beauty | J146: 48.8 | K146: 44671 | L146: 16 | M146: 0.16 | N146: =IF(E146="",Data_Validation!$B$1,E146) -> 134.02 | O146: =IF(J146="",Data_Validation!$B$2,J146) -> 48.8 | P146: =COUNTIF($A$2:$A$5001,A146) -> 2 | Q146: =CustomerData[[#This Row],[avg_order_value_clean]]*CustomerData[[#This Row],[total_orders]] -> 938.14 | R146: =IF(G146<=30,"Active",IF(G146<=90,"At Risk","Inactive")) -> Active | S146: =IF(M146<0.2,"Low Risk",IF(M146<0.5,"Medium Risk","High Risk")) -> Low Risk | T146: =IF(B146<25,"Under 25",IF(B146<35,"25-34",IF(B146<45,"35-44",IF(B146<55,"45-54","55+")))) -> 55+ | U146: =TODAY()-K146 -> 1590 | V146: =IF(L146<40,"Low Loyalty",IF(L146<70,"Medium Loyalty","High Loyalty")) -> Low Loyalty | W146: =IF(H146=1,"Fraudulent","Legitimate") -> Fraudulent | X146: =IF(Q146<Data_Validation!$B$8,"Low Value",IF(Q146<Data_Validation!$B$9,"Medium Value","High Value")) -> Low Value | Y146: =IF(AND(X146="High Value",S146="High Risk"),"Critical - Retain",IF(AND(X146="High Value",S146<>"High Risk"),"High Value - Maintain",IF(AND(X146<>"High Value",S146="High Risk"),"At Risk - Develop","Stable"))) -> Stable | Z146: =IF(OR(B146<18,F146<0,N146<0,O146<0,O146>1,M146<0,M146>1),"Check Data","Valid") -> Check Data
A147: CUST_6530 | B147: 18 | C147: Male | D147: Brazil | E147: 126.84 | F147: 13 | G147: 32 | H147: 0 | I147: Electronics | J147: 62.4 | K147: 45557 | L147: 85 | M147: 0.11 | N147: =IF(E147="",Data_Validation!$B$1,E147) -> 126.84 | O147: =IF(J147="",Data_Validation!$B$2,J147) -> 62.4 | P147: =COUNTIF($A$2:$A$5001,A147) -> 1 | Q147: =CustomerData[[#This Row],[avg_order_value_clean]]*CustomerData[[#This Row],[total_orders]] -> 1648.92 | R147: =IF(G147<=30,"Active",IF(G147<=90,"At Risk","Inactive")) -> At Risk | S147: =IF(M147<0.2,"Low Risk",IF(M147<0.5,"Medium Risk","High Risk")) -> Low Risk | T147: =IF(B147<25,"Under 25",IF(B147<35,"25-34",IF(B147<45,"35-44",IF(B147<55,"45-54","55+")))) -> Under 25 | U147: =TODAY()-K147 -> 704 | V147: =IF(L147<40,"Low Loyalty",IF(L147<70,"Medium Loyalty","High Loyalty")) -> High Loyalty | W147: =IF(H147=1,"Fraudulent","Legitimate") -> Legitimate | X147: =IF(Q147<Data_Validation!$B$8,"Low Value",IF(Q147<Data_Validation!$B$9,"Medium Value","High Value")) -> High Value | Y147: =IF(AND(X147="High Value",S147="High Risk"),"Critical - Retain",IF(AND(X147="High Value",S147<>"High Risk"),"High Value - Maintain",IF(AND(X147<>"High Value",S147="High Risk"),"At Risk - Develop","Stable"))) -> High Value - Maintain | Z147: =IF(OR(B147<18,F147<0,N147<0,O147<0,O147>1,M147<0,M147>1),"Check Data","Valid") -> Check Data
A148: CUST_5413 | B148: 46 | C148: Other | D148: UK | E148: 148.06 | F148: 8 | G148: 198 | H148: 0 | I148: Electronics | J148: 99.4 | K148: 44650 | L148: 52 | M148: 0.17 | N148: =IF(E148="",Data_Validation!$B$1,E148) -> 148.06 | O148: =IF(J148="",Data_Validation!$B$2,J148) -> 99.4 | P148: =COUNTIF($A$2:$A$5001,A148) -> 1 | Q148: =CustomerData[[#This Row],[avg_order_value_clean]]*CustomerData[[#This Row],[total_orders]] -> 1184.48 | R148: =IF(G148<=30,"Active",IF(G148<=90,"At Risk","Inactive")) -> Inactive | S148: =IF(M148<0.2,"Low Risk",IF(M148<0.5,"Medium Risk","High Risk")) -> Low Risk | T148: =IF(B148<25,"Under 25",IF(B148<35,"25-34",IF(B148<45,"35-44",IF(B148<55,"45-54","55+")))) -> 45-54 | U148: =TODAY()-K148 -> 1611 | V148: =IF(L148<40,"Low Loyalty",IF(L148<70,"Medium Loyalty","High Loyalty")) -> Medium Loyalty | W148: =IF(H148=1,"Fraudulent","Legitimate") -> Legitimate | X148: =IF(Q148<Data_Validation!$B$8,"Low Value",IF(Q148<Data_Validation!$B$9,"Medium Value","High Value")) -> Low Value | Y148: =IF(AND(X148="High Value",S148="High Risk"),"Critical - Retain",IF(AND(X148="High Value",S148<>"High Risk"),"High Value - Maintain",IF(AND(X148<>"High Value",S148="High Risk"),"At Risk - Develop","Stable"))) -> Stable | Z148: =IF(OR(B148<18,F148<0,N148<0,O148<0,O148>1,M148<0,M148>1),"Check Data","Valid") -> Check Data
A149: CUST_4748 | B149: 25 | C149: Male | D149: Canada | E149: 96.92 | F149: 12 | G149: 68 | H149: 0 | I149: Home | J149: 54.3 | K149: 45117 | L149: 93 | M149: 0.25 | N149: =IF(E149="",Data_Validation!$B$1,E149) -> 96.92 | O149: =IF(J149="",Data_Validation!$B$2,J149) -> 54.3 | P149: =COUNTIF($A$2:$A$5001,A149) -> 4 | Q149: =CustomerData[[#This Row],[avg_order_value_clean]]*CustomerData[[#This Row],[total_orders]] -> 1163.04 | R149: =IF(G149<=30,"Active",IF(G149<=90,"At Risk","Inactive")) -> At Risk | S149: =IF(M149<0.2,"Low Risk",IF(M149<0.5,"Medium Risk","High Risk")) -> Medium Risk | T149: =IF(B149<25,"Under 25",IF(B149<35,"25-34",IF(B149<45,"35-44",IF(B149<55,"45-54","55+")))) -> 25-34 | U149: =TODAY()-K149 -> 1144 | V149: =IF(L149<40,"Low Loyalty",IF(L149<70,"Medium Loyalty","High Loyalty")) -> High Loyalty | W149: =IF(H149=1,"Fraudulent","Legitimate") -> Legitimate | X149: =IF(Q149<Data_Validation!$B$8,"Low Value",IF(Q149<Data_Validation!$B$9,"Medium Value","High Value")) -> Low Value | Y149: =IF(AND(X149="High Value",S149="High Risk"),"Critical - Retain",IF(AND(X149="High Value",S149<>"High Risk"),"High Value - Maintain",IF(AND(X149<>"High Value",S149="High Risk"),"At Risk - Develop","Stable"))) -> Stable | Z149: =IF(OR(B149<18,F149<0,N149<0,O149<0,O149>1,M149<0,M149>1),"Check Data","Valid") -> Check Data
A150: CUST_1663 | B150: 73 | C150: Female | D150: Canada | E150: 55.76 | F150: 6 | G150: 89 | H150: 0 | I150: Fashion | J150: 44.2 | K150: 44335 | L150: 54 | M150: 0.22 | N150: =IF(E150="",Data_Validation!$B$1,E150) -> 55.76 | O150: =IF(J150="",Data_Validation!$B$2,J150) -> 44.2 | P150: =COUNTIF($A$2:$A$5001,A150) -> 2 | Q150: =CustomerData[[#This Row],[avg_order_value_clean]]*CustomerData[[#This Row],[total_orders]] -> 334.56 | R150: =IF(G150<=30,"Active",IF(G150<=90,"At Risk","Inactive")) -> At Risk | S150: =IF(M150<0.2,"Low Risk",IF(M150<0.5,"Medium Risk","High Risk")) -> Medium Risk | T150: =IF(B150<25,"Under 25",IF(B150<35,"25-34",IF(B150<45,"35-44",IF(B150<55,"45-54","55+")))) -> 55+ | U150: =TODAY()-K150 -> 1926 | V150: =IF(L150<40,"Low Loyalty",IF(L150<70,"Medium Loyalty","High Loyalty")) -> Medium Loyalty | W150: =IF(H150=1,"Fraudulent","Legitimate") -> Legitimate | X150: =IF(Q150<Data_Validation!$B$8,"Low Value",IF(Q150<Data_Validation!$B$9,"Medium Value","High Value")) -> Low Value | Y150: =IF(AND(X150="High Value",S150="High Risk"),"Critical - Retain",IF(AND(X150="High Value",S150<>"High Risk"),"High Value - Maintain",IF(AND(X150<>"High Value",S150="High Risk"),"At Risk - Develop","Stable"))) -> Stable | Z150: =IF(OR(B150<18,F150<0,N150<0,O150<0,O150>1,M150<0,M150>1),"Check Data","Valid") -> Check Data
... A155: CUST_4763 | B155: 20 | C155: Male | D155: Germany | E155: 81.56 | F155: 9 | G155: 33 | H155: 0 | I155: Home | J155: 16.8 | K155: 44660 | L155: 67 | M155: 0.28 | N155: =IF(E155="",Data_Validation!$B$1,E155) -> 81.56 | O155: =IF(J155="",Data_Validation!$B$2,J155) -> 16.8 | P155: =COUNTIF($A$2:$A$5001,A155) -> 1 | Q155: =CustomerData[[#This Row],[avg_order_value_clean]]*CustomerData[[#This Row],[total_orders]] -> 734.04 | R155: =IF(G155<=30,"Active",IF(G155<=90,"At Risk","Inactive")) -> At Risk | S155: =IF(M155<0.2,"Low Risk",IF(M155<0.5,"Medium Risk","High Risk")) -> Medium Risk | T155: =IF(B155<25,"Under 25",IF(B155<35,"25-34",IF(B155<45,"35-44",IF(B155<55,"45-54","55+")))) -> Under 25 | U155: =TODAY()-K155 -> 1601 | V155: =IF(L155<40,"Low Loyalty",IF(L155<70,"Medium Loyalty","High Loyalty")) -> Medium Loyalty | W155: =IF(H155=1,"Fraudulent","Legitimate") -> Legitimate | X155: =IF(Q155<Data_Validation!$B$8,"Low Value",IF(Q155<Data_Validation!$B$9,"Medium Value","High Value")) -> Low Value | Y155: =IF(AND(X155="High Value",S155="High Risk"),"Critical - Retain",IF(AND(X155="High Value",S155<>"High Risk"),"High Value - Maintain",IF(AND(X155<>"High Value",S155="High Risk"),"At Risk - Develop","Stable"))) -> Stable | Z155: =IF(OR(B155<18,F155<0,N155<0,O155<0,O155>1,M155<0,M155>1),"Check Data","Valid") -> Check Data
A156: CUST_6232 | B156: 71 | C156: Female | D156: Canada | E156: 228.73 | F156: 10 | G156: 263 | H156: 0 | I156: Sports | K156: 44218 | L156: 18 | M156: 0.17 | N156: =IF(E156="",Data_Validation!$B$1,E156) -> 228.73 | O156: =IF(J156="",Data_Validation!$B$2,J156) -> 250 | P156: =COUNTIF($A$2:$A$5001,A156) -> 3 | Q156: =CustomerData[[#This Row],[avg_order_value_clean]]*CustomerData[[#This Row],[total_orders]] -> 2287.3 | R156: =IF(G156<=30,"Active",IF(G156<=90,"At Risk","Inactive")) -> Inactive | S156: =IF(M156<0.2,"Low Risk",IF(M156<0.5,"Medium Risk","High Risk")) -> Low Risk | T156: =IF(B156<25,"Under 25",IF(B156<35,"25-34",IF(B156<45,"35-44",IF(B156<55,"45-54","55+")))) -> 55+ | U156: =TODAY()-K156 -> 2043 | V156: =IF(L156<40,"Low Loyalty",IF(L156<70,"Medium Loyalty","High Loyalty")) -> Low Loyalty | W156: =IF(H156=1,"Fraudulent","Legitimate") -> Legitimate | X156: =IF(Q156<Data_Validation!$B$8,"Low Value",IF(Q156<Data_Validation!$B$9,"Medium Value","High Value")) -> High Value | Y156: =IF(AND(X156="High Value",S156="High Risk"),"Critical - Retain",IF(AND(X156="High Value",S156<>"High Risk"),"High Value - Maintain",IF(AND(X156<>"High Value",S156="High Risk"),"At Risk - Develop","Stable"))) -> High Value - Maintain | Z156: =IF(OR(B156<18,F156<0,N156<0,O156<0,O156>1,M156<0,M156>1),"Check Data","Valid") -> Check Data
A157: CUST_2853 | B157: 62 | C157: Male | D157: UK | F157: 7 | G157: 300 | H157: 0 | I157: Beauty | J157: 31.8 | K157: 44440 | L157: 59 | M157: 0.13 | N157: =IF(E157="",Data_Validation!$B$1,E157) -> 250 | O157: =IF(J157="",Data_Validation!$B$2,J157) -> 31.8 | P157: =COUNTIF($A$2:$A$5001,A157) -> 1 | Q157: =CustomerData[[#This Row],[avg_order_value_clean]]*CustomerData[[#This Row],[total_orders]] -> 1750 | R157: =IF(G157<=30,"Active",IF(G157<=90,"At Risk","Inactive")) -> Inactive | S157: =IF(M157<0.2,"Low Risk",IF(M157<0.5,"Medium Risk","High Risk")) -> Low Risk | T157: =IF(B157<25,"Under 25",IF(B157<35,"25-34",IF(B157<45,"35-44",IF(B157<55,"45-54","55+")))) -> 55+ | U157: =TODAY()-K157 -> 1821 | V157: =IF(L157<40,"Low Loyalty",IF(L157<70,"Medium Loyalty","High Loyalty")) -> Medium Loyalty | W157: =IF(H157=1,"Fraudulent","Legitimate") -> Legitimate | X157: =IF(Q157<Data_Validation!$B$8,"Low Value",IF(Q157<Data_Validation!$B$9,"Medium Value","High Value")) -> High Value | Y157: =IF(AND(X157="High Value",S157="High Risk"),"Critical - Retain",IF(AND(X157="High Value",S157<>"High Risk"),"High Value - Maintain",IF(AND(X157<>"High Value",S157="High Risk"),"At Risk - Develop","Stable"))) -> High Value - Maintain | Z157: =IF(OR(B157<18,F157<0,N157<0,O157<0,O157>1,M157<0,M157>1),"Check Data","Valid") -> Check Data
A158: CUST_7585 | B158: 57 | C158: Other | D158: UK | E158: 33.63 | F158: 13 | G158: 59 | H158: 0 | I158: Home | J158: 6.8 | K158: 45592 | L158: 1 | M158: 0.55 | N158: =IF(E158="",Data_Validation!$B$1,E158) -> 33.63 | O158: =IF(J158="",Data_Validation!$B$2,J158) -> 6.8 | P158: =COUNTIF($A$2:$A$5001,A158) -> 1 | Q158: =CustomerData[[#This Row],[avg_order_value_clean]]*CustomerData[[#This Row],[total_orders]] -> 437.19 | R158: =IF(G158<=30,"Active",IF(G158<=90,"At Risk","Inactive")) -> At Risk | S158: =IF(M158<0.2,"Low Risk",IF(M158<0.5,"Medium Risk","High Risk")) -> High Risk | T158: =IF(B158<25,"Under 25",IF(B158<35,"25-34",IF(B158<45,"35-44",IF(B158<55,"45-54","55+")))) -> 55+ | U158: =TODAY()-K158 -> 669 | V158: =IF(L158<40,"Low Loyalty",IF(L158<70,"Medium Loyalty","High Loyalty")) -> Low Loyalty | W158: =IF(H158=1,"Fraudulent","Legitimate") -> Legitimate | X158: =IF(Q158<Data_Validation!$B$8,"Low Value",IF(Q158<Data_Validation!$B$9,"Medium Value","High Value")) -> Low Value | Y158: =IF(AND(X158="High Value",S158="High Risk"),"Critical - Retain",IF(AND(X158="High Value",S158<>"High Risk"),"High Value - Maintain",IF(AND(X158<>"High Value",S158="High Risk"),"At Risk - Develop","Stable"))) -> At Risk - Develop | Z158: =IF(OR(B158<18,F158<0,N158<0,O158<0,O158>1,M158<0,M158>1),"Check Data","Valid") -> Check Data
A159: CUST_2291 | B159: 24 | C159: Female | D159: USA | E159: 159.51 | F159: 6 | G159: 183 | H159: 0 | I159: Sports | J159: 54.3 | K159: 45451 | L159: 19 | M159: 0.28 | N159: =IF(E159="",Data_Validation!$B$1,E159) -> 159.51 | O159: =IF(J159="",Data_Validation!$B$2,J159) -> 54.3 | P159: =COUNTIF($A$2:$A$5001,A159) -> 1 | Q159: =CustomerData[[#This Row],[avg_order_value_clean]]*CustomerData[[#This Row],[total_orders]] -> 957.06 | R159: =IF(G159<=30,"Active",IF(G159<=90,"At Risk","Inactive")) -> Inactive | S159: =IF(M159<0.2,"Low Risk",IF(M159<0.5,"Medium Risk","High Risk")) -> Medium Risk | T159: =IF(B159<25,"Under 25",IF(B159<35,"25-34",IF(B159<45,"35-44",IF(B159<55,"45-54","55+")))) -> Under 25 | U159: =TODAY()-K159 -> 810 | V159: =IF(L159<40,"Low Loyalty",IF(L159<70,"Medium Loyalty","High Loyalty")) -> Low Loyalty | W159: =IF(H159=1,"Fraudulent","Legitimate") -> Legitimate | X159: =IF(Q159<Data_Validation!$B$8,"Low Value",IF(Q159<Data_Validation!$B$9,"Medium Value","High Value")) -> Low Value | Y159: =IF(AND(X159="High Value",S159="High Risk"),"Critical - Retain",IF(AND(X159="High Value",S159<>"High Risk"),"High Value - Maintain",IF(AND(X159<>"High Value",S159="High Risk"),"At Risk - Develop","Stable"))) -> Stable | Z159: =IF(OR(B159<18,F159<0,N159<0,O159<0,O159>1,M159<0,M159>1),"Check Data","Valid") -> Check Data
A160: CUST_4581 | B160: 44 | C160: Male | D160: USA | E160: 124.35 | F160: 10 | G160: 325 | H160: 0 | I160: Electronics | J160: 86 | K160: 45553 | L160: 13 | M160: 0.74 | N160: =IF(E160="",Data_Validation!$B$1,E160) -> 124.35 | O160: =IF(J160="",Data_Validation!$B$2,J160) -> 86 | P160: =COUNTIF($A$2:$A$5001,A160) -> 1 | Q160: =CustomerData[[#This Row],[avg_order_value_clean]]*CustomerData[[#This Row],[total_orders]] -> 1243.5 | R160: =IF(G160<=30,"Active",IF(G160<=90,"At Risk","Inactive")) -> Inactive | S160: =IF(M160<0.2,"Low Risk",IF(M160<0.5,"Medium Risk","High Risk")) -> High Risk | T160: =IF(B160<25,"Under 25",IF(B160<35,"25-34",IF(B160<45,"35-44",IF(B160<55,"45-54","55+")))) -> 35-44 | U160: =TODAY()-K160 -> 708 | V160: =IF(L160<40,"Low Loyalty",IF(L160<70,"Medium Loyalty","High Loyalty")) -> Low Loyalty | W160: =IF(H160=1,"Fraudulent","Legitimate") -> Legitimate | X160: =IF(Q160<Data_Validation!$B$8,"Low Value",IF(Q160<Data_Validation!$B$9,"Medium Value","High Value")) -> Low Value | Y160: =IF(AND(X160="High Value",S160="High Risk"),"Critical - Retain",IF(AND(X160="High Value",S160<>"High Risk"),"High Value - Maintain",IF(AND(X160<>"High Value",S160="High Risk"),"At Risk - Develop","Stable"))) -> At Risk - Develop | Z160: =IF(OR(B160<18,F160<0,N160<0,O160<0,O160>1,M160<0,M160>1),"Check Data","Valid") -> Check Data
A161: CUST_8554 | B161: 18 | C161: Female | D161: China | E161: 218.18 | F161: 9 | G161: 356 | H161: 0 | I161: Fashion | J161: 40 | K161: 44166 | L161: 33 | M161: 0.16 | N161: =IF(E161="",Data_Validation!$B$1,E161) -> 218.18 | O161: =IF(J161="",Data_Validation!$B$2,J161) -> 40 | P161: =COUNTIF($A$2:$A$5001,A161) -> 1 | Q161: =CustomerData[[#This Row],[avg_order_value_clean]]*CustomerData[[#This Row],[total_orders]] -> 1963.62 | R161: =IF(G161<=30,"Active",IF(G161<=90,"At Risk","Inactive")) -> Inactive | S161: =IF(M161<0.2,"Low Risk",IF(M161<0.5,"Medium Risk","High Risk")) -> Low Risk | T161: =IF(B161<25,"Under 25",IF(B161<35,"25-34",IF(B161<45,"35-44",IF(B161<55,"45-54","55+")))) -> Under 25 | U161: =TODAY()-K161 -> 2095 | V161: =IF(L161<40,"Low Loyalty",IF(L161<70,"Medium Loyalty","High Loyalty")) -> Low Loyalty | W161: =IF(H161=1,"Fraudulent","Legitimate") -> Legitimate | X161: =IF(Q161<Data_Validation!$B$8,"Low Value",IF(Q161<Data_Validation!$B$9,"Medium Value","High Value")) -> High Value | Y161: =IF(AND(X161="High Value",S161="High Risk"),"Critical - Retain",IF(AND(X161="High Value",S161<>"High Risk"),"High Value - Maintain",IF(AND(X161<>"High Value",S161="High Risk"),"At Risk - Develop","Stable"))) -> High Value - Maintain | Z161: =IF(OR(B161<18,F161<0,N161<0,O161<0,O161>1,M161<0,M161>1),"Check Data","Valid") -> Check Data
A162: CUST_8280 | B162: 44 | C162: Male | D162: India | E162: 153.58 | F162: 10 | G162: 364 | H162: 0 | I162: Sports | J162: 64.8 | K162: 44263 | L162: 94 | M162: 0.51 | N162: =IF(E162="",Data_Validation!$B$1,E162) -> 153.58 | O162: =IF(J162="",Data_Validation!$B$2,J162) -> 64.8 | P162: =COUNTIF($A$2:$A$5001,A162) -> 1 | Q162: =CustomerData[[#This Row],[avg_order_value_clean]]*CustomerData[[#This Row],[total_orders]] -> 1535.8 | R162: =IF(G162<=30,"Active",IF(G162<=90,"At Risk","Inactive")) -> Inactive | S162: =IF(M162<0.2,"Low Risk",IF(M162<0.5,"Medium Risk","High Risk")) -> High Risk | T162: =IF(B162<25,"Under 25",IF(B162<35,"25-34",IF(B162<45,"35-44",IF(B162<55,"45-54","55+")))) -> 35-44 | U162: =TODAY()-K162 -> 1998 | V162: =IF(L162<40,"Low Loyalty",IF(L162<70,"Medium Loyalty","High Loyalty")) -> High Loyalty | W162: =IF(H162=1,"Fraudulent","Legitimate") -> Legitimate | X162: =IF(Q162<Data_Validation!$B$8,"Low Value",IF(Q162<Data_Validation!$B$9,"Medium Value","High Value")) -> High Value | Y162: =IF(AND(X162="High Value",S162="High Risk"),"Critical - Retain",IF(AND(X162="High Value",S162<>"High Risk"),"High Value - Maintain",IF(AND(X162<>"High Value",S162="High Risk"),"At Risk - Develop","Stable"))) -> Critical - Retain | Z162: =IF(OR(B162<18,F162<0,N162<0,O162<0,O162>1,M162<0,M162>1),"Check Data","Valid") -> Check Data
...

Sheet Data_Validation
A1: avg_order_value | B1: =COUNTBLANK(CustomerData[avg_order_value]) -> 250
A2: email_open_rate | B2: =COUNTBLANK(CustomerData[email_open_rate]) -> 250
A3: Median Average Order Value | B3: =MEDIAN(CustomerData[avg_order_value]) -> 93.19
A4: Median Email Open Rate | B4: =MEDIAN(CustomerData[email_open_rate]) -> 50.95
A7: Q1 Customer Value | B7: =_xlfn.PERCENTILE.INC(Cleaned_Data!$Q$2:$Q$5001,0.25) -> 543.85
A8: Q3 Customer Value | B8: =_xlfn.PERCENTILE.INC(Cleaned_Data!$Q$2:$Q$5001,0.75) -> 1525.975

Sheet Excel_Analysis
A3: Row Labels | B3: Count of customer_id | D3: Row Labels | E3: Sum of churn_risk
A4: At Risk - Develop | B4: 419 | D4: Active | E4: 114.54
A5: Critical - Retain | B5: 138 | D5: At Risk | E5: 243.66
A6: High Value - Maintain | B6: 1112 | D6: Inactive | E6: 1064.22
A7: Stable | B7: 3331 | D7: Grand Total | E7: 1422.42
A8: Grand Total | B8: 5000
A11: Row Labels | B11: Sum of estimated_customer_value | D11: Row Labels | E11: Average of churn_risk
A12: Australia | B12: 600556.32 | D12: High Loyalty | E12: 0.28435348
A13: Brazil | B13: 611514.63 | D13: Low Loyalty | E13: 0.28306761
A14: Canada | B14: 584673.56 | D14: Medium Loyalty | E14: 0.28651792
A15: China | B15: 564465.24 | D15: Grand Total | E15: 0.284484
A16: France | B16: 549144.39
A17: Germany | B17: 581605.71
A18: India | B18: 624555.8
A19: Japan | B19: 548197.03 | D19: Row Labels | E19: Average of estimated_customer_value | F19: Count of customer_id
A20: UK | B20: 547793.96 | D20: Fraudulent | E20: 1092.4355 | F20: 129
A21: USA | B21: 615782.85 | D21: Legitimate | E21: 1167.5971 | F21: 4871
A22: Grand Total | B22: 5828289.5 | D22: Grand Total | E22: 1165.6579 | F22: 5000
